=== RUN   TestVersionFlag
canlc dev
canlc dev
canlc dev
--- PASS: TestVersionFlag (0.00s)
=== RUN   TestParseLSPArgs
--- PASS: TestParseLSPArgs (0.00s)
=== RUN   TestRunUsageCodes
usage: canlc parse FILE | format [--write] FILE | inspect-project PROJECT | inspect-types PROJECT | clean PROJECT
usage: canlc parse FILE | format [--write] FILE | inspect-project PROJECT | inspect-types PROJECT | clean PROJECT
canlc baseline was retired with the predecessor toolchain in I44
canlc explain was retired with the predecessor toolchain in I44
canlc explain was retired with the predecessor toolchain in I44
canlc lint was retired with the predecessor toolchain in I44
canlc normalize was retired with the predecessor toolchain in I44
usage: canlc lsp [--stdio]
usage: canlc assert [--assert-timeout-ms 1..600000] [--assert-jobs 1..64] PROJECT [PACKAGE [DECLARATION] ASSERTION]
usage: canlc assert [--assert-timeout-ms 1..600000] [--assert-jobs 1..64] PROJECT [PACKAGE [DECLARATION] ASSERTION]
usage: canlc assert [--assert-timeout-ms 1..600000] [--assert-jobs 1..64] PROJECT [PACKAGE [DECLARATION] ASSERTION]
usage: canlc assert [--assert-timeout-ms 1..600000] [--assert-jobs 1..64] PROJECT [PACKAGE [DECLARATION] ASSERTION]
invalid --assert-timeout-ms 0: want a decimal integer in 1..600000
usage: canlc assert [--assert-timeout-ms 1..600000] [--assert-jobs 1..64] PROJECT [PACKAGE [DECLARATION] ASSERTION]
invalid --assert-timeout-ms -5: want a decimal integer in 1..600000
usage: canlc assert [--assert-timeout-ms 1..600000] [--assert-jobs 1..64] PROJECT [PACKAGE [DECLARATION] ASSERTION]
invalid --assert-timeout-ms "abc": want a decimal integer in 1..600000
usage: canlc assert [--assert-timeout-ms 1..600000] [--assert-jobs 1..64] PROJECT [PACKAGE [DECLARATION] ASSERTION]
invalid --assert-timeout-ms 600001: want a decimal integer in 1..600000
usage: canlc assert [--assert-timeout-ms 1..600000] [--assert-jobs 1..64] PROJECT [PACKAGE [DECLARATION] ASSERTION]
usage: canlc assert [--assert-timeout-ms 1..600000] [--assert-jobs 1..64] PROJECT [PACKAGE [DECLARATION] ASSERTION]
usage: canlc assert [--assert-timeout-ms 1..600000] [--assert-jobs 1..64] PROJECT [PACKAGE [DECLARATION] ASSERTION]
invalid --assert-jobs 0: want a decimal integer in 1..64
usage: canlc assert [--assert-timeout-ms 1..600000] [--assert-jobs 1..64] PROJECT [PACKAGE [DECLARATION] ASSERTION]
invalid --assert-jobs "abc": want a decimal integer in 1..64
usage: canlc assert [--assert-timeout-ms 1..600000] [--assert-jobs 1..64] PROJECT [PACKAGE [DECLARATION] ASSERTION]
invalid --assert-jobs 65: want a decimal integer in 1..64
usage: canlc assert [--assert-timeout-ms 1..600000] [--assert-jobs 1..64] PROJECT [PACKAGE [DECLARATION] ASSERTION]
usage: canlc build [--target bun|browser] [--assert-timeout-ms 1..600000] [--assert-jobs 1..64] [--browser-manifest FILE] PROJECT_DIRECTORY | canlc run PROJECT_DIRECTORY [-- APPLICATION_ARGS...]
usage: canlc build [--target bun|browser] [--assert-timeout-ms 1..600000] [--assert-jobs 1..64] [--browser-manifest FILE] PROJECT_DIRECTORY | canlc run PROJECT_DIRECTORY [-- APPLICATION_ARGS...]
usage: canlc build [--target bun|browser] [--assert-timeout-ms 1..600000] [--assert-jobs 1..64] [--browser-manifest FILE] PROJECT_DIRECTORY | canlc run PROJECT_DIRECTORY [-- APPLICATION_ARGS...]
usage: canlc build [--target bun|browser] [--assert-timeout-ms 1..600000] [--assert-jobs 1..64] [--browser-manifest FILE] PROJECT_DIRECTORY | canlc run PROJECT_DIRECTORY [-- APPLICATION_ARGS...]
invalid --assert-timeout-ms 0: want a decimal integer in 1..600000
usage: canlc build [--target bun|browser] [--assert-timeout-ms 1..600000] [--assert-jobs 1..64] [--browser-manifest FILE] PROJECT_DIRECTORY | canlc run PROJECT_DIRECTORY [-- APPLICATION_ARGS...]
invalid --assert-timeout-ms "abc": want a decimal integer in 1..600000
usage: canlc build [--target bun|browser] [--assert-timeout-ms 1..600000] [--assert-jobs 1..64] [--browser-manifest FILE] PROJECT_DIRECTORY | canlc run PROJECT_DIRECTORY [-- APPLICATION_ARGS...]
invalid --assert-timeout-ms 600001: want a decimal integer in 1..600000
usage: canlc build [--target bun|browser] [--assert-timeout-ms 1..600000] [--assert-jobs 1..64] [--browser-manifest FILE] PROJECT_DIRECTORY | canlc run PROJECT_DIRECTORY [-- APPLICATION_ARGS...]
usage: canlc build [--target bun|browser] [--assert-timeout-ms 1..600000] [--assert-jobs 1..64] [--browser-manifest FILE] PROJECT_DIRECTORY | canlc run PROJECT_DIRECTORY [-- APPLICATION_ARGS...]
invalid --assert-jobs 0: want a decimal integer in 1..64
usage: canlc build [--target bun|browser] [--assert-timeout-ms 1..600000] [--assert-jobs 1..64] [--browser-manifest FILE] PROJECT_DIRECTORY | canlc run PROJECT_DIRECTORY [-- APPLICATION_ARGS...]
invalid --assert-jobs "abc": want a decimal integer in 1..64
usage: canlc build [--target bun|browser] [--assert-timeout-ms 1..600000] [--assert-jobs 1..64] [--browser-manifest FILE] PROJECT_DIRECTORY | canlc run PROJECT_DIRECTORY [-- APPLICATION_ARGS...]
invalid --assert-jobs 65: want a decimal integer in 1..64
usage: canlc build [--target bun|browser] [--assert-timeout-ms 1..600000] [--assert-jobs 1..64] [--browser-manifest FILE] PROJECT_DIRECTORY | canlc run PROJECT_DIRECTORY [-- APPLICATION_ARGS...]
--- PASS: TestRunUsageCodes (0.00s)
=== RUN   TestFormatStdoutKeepsFileUntouched
--- PASS: TestFormatStdoutKeepsFileUntouched (0.00s)
=== RUN   TestFormatWriteReplacesAtomically
--- PASS: TestFormatWriteReplacesAtomically (1.12s)
=== RUN   TestFormatWriteRefusesInvalidSource
--- PASS: TestFormatWriteRefusesInvalidSource (0.47s)
=== RUN   TestFormatWriteRefusesStaleSource
--- PASS: TestFormatWriteRefusesStaleSource (2.00s)
=== RUN   TestFormatWriteRequiresProject
--- PASS: TestFormatWriteRequiresProject (0.00s)
=== RUN   TestFormatUsage
usage: canlc format [--write] FILE.can
--- PASS: TestFormatUsage (0.00s)
=== RUN   TestLegacyOutputCLIRefusesWithoutWriting
usage: canlc parse FILE | format [--write] FILE | inspect-project PROJECT | inspect-types PROJECT | clean PROJECT
--- PASS: TestLegacyOutputCLIRefusesWithoutWriting (0.00s)
=== RUN   TestCurrentCleanRefusesUnknownContents
nonempty dist is unowned; preserve its contents and choose an empty directory
--- PASS: TestCurrentCleanRefusesUnknownContents (0.00s)
=== RUN   TestCurrentParseNeverEvaluatesBodiesOrAssertions
--- PASS: TestCurrentParseNeverEvaluatesBodiesOrAssertions (0.00s)
=== RUN   TestCurrentParseRejectsLegacySyntaxAndHasNoPartialOutput
--- PASS: TestCurrentParseRejectsLegacySyntaxAndHasNoPartialOutput (0.00s)
=== RUN   TestCurrentProjectInspectionIsInertAndRelocatable
--- PASS: TestCurrentProjectInspectionIsInertAndRelocatable (0.01s)
=== RUN   TestCurrentProjectRefusesStaleDependencyWithoutOutput
--- PASS: TestCurrentProjectRefusesStaleDependencyWithoutOutput (0.01s)
=== RUN   TestDeclarationTypeInspection
--- PASS: TestDeclarationTypeInspection (0.03s)
=== RUN   TestDeclarationInspectionRejectsUnusedGenericErrors
=== RUN   TestDeclarationInspectionRejectsUnusedGenericErrors/variant
=== RUN   TestDeclarationInspectionRejectsUnusedGenericErrors/constraint
=== RUN   TestDeclarationInspectionRejectsUnusedGenericErrors/bound
--- PASS: TestDeclarationInspectionRejectsUnusedGenericErrors (0.01s)
    --- PASS: TestDeclarationInspectionRejectsUnusedGenericErrors/variant (0.00s)
    --- PASS: TestDeclarationInspectionRejectsUnusedGenericErrors/constraint (0.00s)
    --- PASS: TestDeclarationInspectionRejectsUnusedGenericErrors/bound (0.01s)
=== RUN   TestServerCleanPublishesEmpty
--- PASS: TestServerCleanPublishesEmpty (0.54s)
=== RUN   TestServerUnsavedSibling
--- PASS: TestServerUnsavedSibling (1.57s)
=== RUN   TestServerDuplicateBasenames
--- PASS: TestServerDuplicateBasenames (0.00s)
=== RUN   TestServerRapidEdits
--- PASS: TestServerRapidEdits (1.48s)
=== RUN   TestServerCloseClears
--- PASS: TestServerCloseClears (0.00s)
=== RUN   TestServerMalformedKeepsServing
--- PASS: TestServerMalformedKeepsServing (0.00s)
=== RUN   TestServerUnicodePublish
--- PASS: TestServerUnicodePublish (0.00s)
=== RUN   TestServerDefinition
--- PASS: TestServerDefinition (1.00s)
=== RUN   TestServerGeneratedFieldDefinition
--- PASS: TestServerGeneratedFieldDefinition (0.06s)
=== RUN   TestServerParsesWithoutExecuting
--- PASS: TestServerParsesWithoutExecuting (0.50s)
=== RUN   TestPublishCarriesCode
--- PASS: TestPublishCarriesCode (0.00s)
=== RUN   TestPublishOmitsEmpty
--- PASS: TestPublishOmitsEmpty (0.00s)
=== RUN   TestPublishCarriesVersion
--- PASS: TestPublishCarriesVersion (0.00s)
=== RUN   TestInspectProjectComposesTwinModelInstances
--- PASS: TestInspectProjectComposesTwinModelInstances (0.01s)
=== RUN   TestInspectProjectAliasEditPreservesIdentities
--- PASS: TestInspectProjectAliasEditPreservesIdentities (0.02s)
=== RUN   TestNoPredecessorPaths
--- PASS: TestNoPredecessorPaths (0.01s)
PASS
ok  	github.com/veighnsche/can-lang/compiler	9.261s
=== RUN   TestAuditAdmitsQuotedHostData
--- PASS: TestAuditAdmitsQuotedHostData (0.00s)
=== RUN   TestAuditRejectsHostOperations
=== RUN   TestAuditRejectsHostOperations/global_host
=== RUN   TestAuditRejectsHostOperations/bun_member
=== RUN   TestAuditRejectsHostOperations/bun_bare
=== RUN   TestAuditRejectsHostOperations/process_member
=== RUN   TestAuditRejectsHostOperations/require_call
=== RUN   TestAuditRejectsHostOperations/dynamic_import
=== RUN   TestAuditRejectsHostOperations/eval_call
=== RUN   TestAuditRejectsHostOperations/function_ctor
--- PASS: TestAuditRejectsHostOperations (0.00s)
    --- PASS: TestAuditRejectsHostOperations/global_host (0.00s)
    --- PASS: TestAuditRejectsHostOperations/bun_member (0.00s)
    --- PASS: TestAuditRejectsHostOperations/bun_bare (0.00s)
    --- PASS: TestAuditRejectsHostOperations/process_member (0.00s)
    --- PASS: TestAuditRejectsHostOperations/require_call (0.00s)
    --- PASS: TestAuditRejectsHostOperations/dynamic_import (0.00s)
    --- PASS: TestAuditRejectsHostOperations/eval_call (0.00s)
    --- PASS: TestAuditRejectsHostOperations/function_ctor (0.00s)
=== RUN   TestAuditRejectsNativeEdges
--- PASS: TestAuditRejectsNativeEdges (0.00s)
=== RUN   TestAuditInspectsReachableRuntimeBodies
--- PASS: TestAuditInspectsReachableRuntimeBodies (0.00s)
=== RUN   TestForbiddenModuleMatching
--- PASS: TestForbiddenModuleMatching (0.00s)
=== RUN   TestRuntimeRelativeShapes
--- PASS: TestRuntimeRelativeShapes (0.00s)
=== RUN   TestAuditRejectsTransitiveForbiddenModule
--- PASS: TestAuditRejectsTransitiveForbiddenModule (0.00s)
=== RUN   TestAuditAppliesProfileOverlay
--- PASS: TestAuditAppliesProfileOverlay (0.00s)
=== RUN   TestOverlayShippingCoversSealedProfile
--- PASS: TestOverlayShippingCoversSealedProfile (0.00s)
=== RUN   TestAuditRejectsUnknownEdges
=== RUN   TestAuditRejectsUnknownEdges/lexed_but_undeclared
=== RUN   TestAuditRejectsUnknownEdges/declared_but_absent
=== RUN   TestAuditRejectsUnknownEdges/missing_target
=== RUN   TestAuditRejectsUnknownEdges/non_module_edge
--- PASS: TestAuditRejectsUnknownEdges (0.00s)
    --- PASS: TestAuditRejectsUnknownEdges/lexed_but_undeclared (0.00s)
    --- PASS: TestAuditRejectsUnknownEdges/declared_but_absent (0.00s)
    --- PASS: TestAuditRejectsUnknownEdges/missing_target (0.00s)
    --- PASS: TestAuditRejectsUnknownEdges/non_module_edge (0.00s)
=== RUN   TestAuditRejectsUnreachableGeneratedHostOp
--- PASS: TestAuditRejectsUnreachableGeneratedHostOp (0.00s)
=== RUN   TestAuditRejectsSecretCanaries
=== RUN   TestAuditRejectsSecretCanaries/quoted_canary_in_generated_code
=== RUN   TestAuditRejectsSecretCanaries/canary_in_reachable_runtime
=== RUN   TestAuditRejectsSecretCanaries/canary_in_comment
--- PASS: TestAuditRejectsSecretCanaries (0.00s)
    --- PASS: TestAuditRejectsSecretCanaries/quoted_canary_in_generated_code (0.00s)
    --- PASS: TestAuditRejectsSecretCanaries/canary_in_reachable_runtime (0.00s)
    --- PASS: TestAuditRejectsSecretCanaries/canary_in_comment (0.00s)
=== RUN   TestAuditVerifiesTypeOnlyEdgesWithoutTraversing
=== RUN   TestAuditVerifiesTypeOnlyEdgesWithoutTraversing/type-only_target_not_inspected
=== RUN   TestAuditVerifiesTypeOnlyEdgesWithoutTraversing/undeclared_type-only_edge_fails
--- PASS: TestAuditVerifiesTypeOnlyEdgesWithoutTraversing (0.00s)
    --- PASS: TestAuditVerifiesTypeOnlyEdgesWithoutTraversing/type-only_target_not_inspected (0.00s)
    --- PASS: TestAuditVerifiesTypeOnlyEdgesWithoutTraversing/undeclared_type-only_edge_fails (0.00s)
=== RUN   TestAuditReportsMappingOrigin
--- PASS: TestAuditReportsMappingOrigin (0.00s)
=== RUN   TestAuditAcceptsPinnedVendorScript
--- PASS: TestAuditAcceptsPinnedVendorScript (0.01s)
=== RUN   TestAuditRejectsAssetViolations
=== RUN   TestAuditRejectsAssetViolations/script_host_operation
=== RUN   TestAuditRejectsAssetViolations/script_edge
=== RUN   TestAuditRejectsAssetViolations/script_canary
=== RUN   TestAuditRejectsAssetViolations/text_canary
=== RUN   TestAuditRejectsAssetViolations/declared_imports
=== RUN   TestAuditRejectsAssetViolations/clean_assets_pass
--- PASS: TestAuditRejectsAssetViolations (0.00s)
    --- PASS: TestAuditRejectsAssetViolations/script_host_operation (0.00s)
    --- PASS: TestAuditRejectsAssetViolations/script_edge (0.00s)
    --- PASS: TestAuditRejectsAssetViolations/script_canary (0.00s)
    --- PASS: TestAuditRejectsAssetViolations/text_canary (0.00s)
    --- PASS: TestAuditRejectsAssetViolations/declared_imports (0.00s)
    --- PASS: TestAuditRejectsAssetViolations/clean_assets_pass (0.00s)
=== RUN   TestAuditRejectsUnaccountedArtifact
--- PASS: TestAuditRejectsUnaccountedArtifact (0.00s)
=== RUN   TestAuditRejectsDuplicateArtifact
--- PASS: TestAuditRejectsDuplicateArtifact (0.00s)
=== RUN   TestAuditAcceptsSealedProfileFromDisk
--- PASS: TestAuditAcceptsSealedProfileFromDisk (0.03s)
=== RUN   TestAuditRealLogModuleFails
--- PASS: TestAuditRealLogModuleFails (0.05s)
=== RUN   TestRuntimeInventoryMatchesBodies
--- PASS: TestRuntimeInventoryMatchesBodies (0.06s)
=== RUN   TestBrowserAdmitsBrowserCatalogue
--- PASS: TestBrowserAdmitsBrowserCatalogue (0.56s)
=== RUN   TestBrowserCatalogueKeepsServerDenials
--- PASS: TestBrowserCatalogueKeepsServerDenials (0.59s)
=== RUN   TestBrowserAdmitsPureProgram
--- PASS: TestBrowserAdmitsPureProgram (0.48s)
=== RUN   TestBrowserAdmitsSharedWireCodec
--- PASS: TestBrowserAdmitsSharedWireCodec (0.51s)
=== RUN   TestBrowserAdmitsErrorIdentityWithoutCapability
--- PASS: TestBrowserAdmitsErrorIdentityWithoutCapability (0.55s)
=== RUN   TestBrowserRejectsDirectServerCapabilities
=== RUN   TestBrowserRejectsDirectServerCapabilities/sql
=== RUN   TestBrowserRejectsDirectServerCapabilities/process
=== RUN   TestBrowserRejectsDirectServerCapabilities/files
=== RUN   TestBrowserRejectsDirectServerCapabilities/env
=== RUN   TestBrowserRejectsDirectServerCapabilities/crypto
=== RUN   TestBrowserRejectsDirectServerCapabilities/io
=== RUN   TestBrowserRejectsDirectServerCapabilities/websocket
--- PASS: TestBrowserRejectsDirectServerCapabilities (3.60s)
    --- PASS: TestBrowserRejectsDirectServerCapabilities/sql (0.52s)
    --- PASS: TestBrowserRejectsDirectServerCapabilities/process (0.52s)
    --- PASS: TestBrowserRejectsDirectServerCapabilities/files (0.52s)
    --- PASS: TestBrowserRejectsDirectServerCapabilities/env (0.53s)
    --- PASS: TestBrowserRejectsDirectServerCapabilities/crypto (0.55s)
    --- PASS: TestBrowserRejectsDirectServerCapabilities/io (0.49s)
    --- PASS: TestBrowserRejectsDirectServerCapabilities/websocket (0.47s)
=== RUN   TestBrowserRejectsTransitiveHelperPath
--- PASS: TestBrowserRejectsTransitiveHelperPath (0.51s)
=== RUN   TestBrowserRejectsCallableReferencePath
--- PASS: TestBrowserRejectsCallableReferencePath (0.52s)
=== RUN   TestBrowserRejectsGenericSpecializationPath
--- PASS: TestBrowserRejectsGenericSpecializationPath (0.50s)
=== RUN   TestBrowserRejectsUnreachableEmittedFunction
--- PASS: TestBrowserRejectsUnreachableEmittedFunction (0.53s)
=== RUN   TestBrowserRejectsDirectOperationCallable
--- PASS: TestBrowserRejectsDirectOperationCallable (0.55s)
=== RUN   TestForbiddenReasonCoversSpecializations
--- PASS: TestForbiddenReasonCoversSpecializations (0.00s)
=== RUN   TestBrowserRejectsNativeDeclarations
--- PASS: TestBrowserRejectsNativeDeclarations (0.57s)
=== RUN   TestBrowserRejectsServerBackedStructures
=== RUN   TestBrowserRejectsServerBackedStructures/natives
=== RUN   TestBrowserRejectsServerBackedStructures/connections
=== RUN   TestBrowserRejectsServerBackedStructures/descriptors
=== RUN   TestBrowserRejectsServerBackedStructures/queries
=== RUN   TestBrowserRejectsServerBackedStructures/stream
--- PASS: TestBrowserRejectsServerBackedStructures (0.00s)
    --- PASS: TestBrowserRejectsServerBackedStructures/natives (0.00s)
    --- PASS: TestBrowserRejectsServerBackedStructures/connections (0.00s)
    --- PASS: TestBrowserRejectsServerBackedStructures/descriptors (0.00s)
    --- PASS: TestBrowserRejectsServerBackedStructures/queries (0.00s)
    --- PASS: TestBrowserRejectsServerBackedStructures/stream (0.00s)
=== RUN   TestBrowserRejectsInitializerCapabilityPath
--- PASS: TestBrowserRejectsInitializerCapabilityPath (0.00s)
=== RUN   TestBrowserAdmitsOwnerFactoryUse
--- PASS: TestBrowserAdmitsOwnerFactoryUse (0.46s)
=== RUN   TestBrowserRejectsFormActionBinding
--- PASS: TestBrowserRejectsFormActionBinding (0.45s)
=== RUN   TestBrowserAdmitsJsonFetchClients
--- PASS: TestBrowserAdmitsJsonFetchClients (0.45s)
=== RUN   TestBrowserInheritsOwnerWireBoundary
--- PASS: TestBrowserInheritsOwnerWireBoundary (0.02s)
=== RUN   TestAuditAcceptsCleanBrowserGraph
--- PASS: TestAuditAcceptsCleanBrowserGraph (0.00s)
=== RUN   TestAuditRejectsBrowserViolations
=== RUN   TestAuditRejectsBrowserViolations/native_imports
=== RUN   TestAuditRejectsBrowserViolations/absolute_edge
=== RUN   TestAuditRejectsBrowserViolations/remote_edge
=== RUN   TestAuditRejectsBrowserViolations/forbidden_runtime_edge
=== RUN   TestAuditRejectsBrowserViolations/host_token
=== RUN   TestAuditRejectsBrowserViolations/server_mapping
=== RUN   TestAuditRejectsBrowserViolations/tampered_bytes
=== RUN   TestAuditRejectsBrowserViolations/missing_asset
=== RUN   TestAuditRejectsBrowserViolations/missing_entry
=== RUN   TestAuditRejectsBrowserViolations/bun_entry_present
--- PASS: TestAuditRejectsBrowserViolations (0.00s)
    --- PASS: TestAuditRejectsBrowserViolations/native_imports (0.00s)
    --- PASS: TestAuditRejectsBrowserViolations/absolute_edge (0.00s)
    --- PASS: TestAuditRejectsBrowserViolations/remote_edge (0.00s)
    --- PASS: TestAuditRejectsBrowserViolations/forbidden_runtime_edge (0.00s)
    --- PASS: TestAuditRejectsBrowserViolations/host_token (0.00s)
    --- PASS: TestAuditRejectsBrowserViolations/server_mapping (0.00s)
    --- PASS: TestAuditRejectsBrowserViolations/tampered_bytes (0.00s)
    --- PASS: TestAuditRejectsBrowserViolations/missing_asset (0.00s)
    --- PASS: TestAuditRejectsBrowserViolations/missing_entry (0.00s)
    --- PASS: TestAuditRejectsBrowserViolations/bun_entry_present (0.00s)
=== RUN   TestAssetBindsContent
--- PASS: TestAssetBindsContent (0.00s)
=== RUN   TestParseTarget
--- PASS: TestParseTarget (0.00s)
=== RUN   TestAuditBundleAcceptsCleanBundle
--- PASS: TestAuditBundleAcceptsCleanBundle (0.00s)
=== RUN   TestAuditBundleAcceptsAccountedChunks
--- PASS: TestAuditBundleAcceptsAccountedChunks (0.00s)
=== RUN   TestAuditBundleRejectsHostOperations
=== RUN   TestAuditBundleRejectsHostOperations/eval_call
=== RUN   TestAuditBundleRejectsHostOperations/function_ctor
=== RUN   TestAuditBundleRejectsHostOperations/bun_call
=== RUN   TestAuditBundleRejectsHostOperations/process_member
=== RUN   TestAuditBundleRejectsHostOperations/dynamic_import
=== RUN   TestAuditBundleRejectsHostOperations/require_call
--- PASS: TestAuditBundleRejectsHostOperations (0.00s)
    --- PASS: TestAuditBundleRejectsHostOperations/eval_call (0.00s)
    --- PASS: TestAuditBundleRejectsHostOperations/function_ctor (0.00s)
    --- PASS: TestAuditBundleRejectsHostOperations/bun_call (0.00s)
    --- PASS: TestAuditBundleRejectsHostOperations/process_member (0.00s)
    --- PASS: TestAuditBundleRejectsHostOperations/dynamic_import (0.00s)
    --- PASS: TestAuditBundleRejectsHostOperations/require_call (0.00s)
=== RUN   TestAuditBundleAdmitsQuotedData
--- PASS: TestAuditBundleAdmitsQuotedData (0.00s)
=== RUN   TestAuditBundleRejectsEdgeViolations
=== RUN   TestAuditBundleRejectsEdgeViolations/missing_chunk
=== RUN   TestAuditBundleRejectsEdgeViolations/native_edge
=== RUN   TestAuditBundleRejectsEdgeViolations/absolute_edge
=== RUN   TestAuditBundleRejectsEdgeViolations/remote_edge
=== RUN   TestAuditBundleRejectsEdgeViolations/non_chunk_target
--- PASS: TestAuditBundleRejectsEdgeViolations (0.00s)
    --- PASS: TestAuditBundleRejectsEdgeViolations/missing_chunk (0.00s)
    --- PASS: TestAuditBundleRejectsEdgeViolations/native_edge (0.00s)
    --- PASS: TestAuditBundleRejectsEdgeViolations/absolute_edge (0.00s)
    --- PASS: TestAuditBundleRejectsEdgeViolations/remote_edge (0.00s)
    --- PASS: TestAuditBundleRejectsEdgeViolations/non_chunk_target (0.00s)
=== RUN   TestAuditBundleRejectsManifestDefects
=== RUN   TestAuditBundleRejectsManifestDefects/digest_mismatch
=== RUN   TestAuditBundleRejectsManifestDefects/missing_digest
=== RUN   TestAuditBundleRejectsManifestDefects/extra_digest
=== RUN   TestAuditBundleRejectsManifestDefects/malformed_digest
=== RUN   TestAuditBundleRejectsManifestDefects/unaccounted_file
=== RUN   TestAuditBundleRejectsManifestDefects/missing_map
=== RUN   TestAuditBundleRejectsManifestDefects/missing_table
=== RUN   TestAuditBundleRejectsManifestDefects/orphan_map
=== RUN   TestAuditBundleRejectsManifestDefects/missing_trailer
=== RUN   TestAuditBundleRejectsManifestDefects/empty_script
=== RUN   TestAuditBundleRejectsManifestDefects/bad_entry
=== RUN   TestAuditBundleRejectsManifestDefects/bad_table
=== RUN   TestAuditBundleRejectsManifestDefects/absolute_path
=== RUN   TestAuditBundleRejectsManifestDefects/duplicate_file
=== RUN   TestAuditBundleRejectsManifestDefects/no_files
--- PASS: TestAuditBundleRejectsManifestDefects (0.00s)
    --- PASS: TestAuditBundleRejectsManifestDefects/digest_mismatch (0.00s)
    --- PASS: TestAuditBundleRejectsManifestDefects/missing_digest (0.00s)
    --- PASS: TestAuditBundleRejectsManifestDefects/extra_digest (0.00s)
    --- PASS: TestAuditBundleRejectsManifestDefects/malformed_digest (0.00s)
    --- PASS: TestAuditBundleRejectsManifestDefects/unaccounted_file (0.00s)
    --- PASS: TestAuditBundleRejectsManifestDefects/missing_map (0.00s)
    --- PASS: TestAuditBundleRejectsManifestDefects/missing_table (0.00s)
    --- PASS: TestAuditBundleRejectsManifestDefects/orphan_map (0.00s)
    --- PASS: TestAuditBundleRejectsManifestDefects/missing_trailer (0.00s)
    --- PASS: TestAuditBundleRejectsManifestDefects/empty_script (0.00s)
    --- PASS: TestAuditBundleRejectsManifestDefects/bad_entry (0.00s)
    --- PASS: TestAuditBundleRejectsManifestDefects/bad_table (0.00s)
    --- PASS: TestAuditBundleRejectsManifestDefects/absolute_path (0.00s)
    --- PASS: TestAuditBundleRejectsManifestDefects/duplicate_file (0.00s)
    --- PASS: TestAuditBundleRejectsManifestDefects/no_files (0.00s)
=== RUN   TestAuditBundleRejectsMapDefects
=== RUN   TestAuditBundleRejectsMapDefects/not_json
=== RUN   TestAuditBundleRejectsMapDefects/bad_version
=== RUN   TestAuditBundleRejectsMapDefects/file_mismatch
=== RUN   TestAuditBundleRejectsMapDefects/empty_sources
=== RUN   TestAuditBundleRejectsMapDefects/remote_source
=== RUN   TestAuditBundleRejectsMapDefects/file_source
=== RUN   TestAuditBundleRejectsMapDefects/malformed_mappings
=== RUN   TestAuditBundleRejectsMapDefects/segment_outside_script
=== RUN   TestAuditBundleRejectsMapDefects/source_index_overflow
--- PASS: TestAuditBundleRejectsMapDefects (0.00s)
    --- PASS: TestAuditBundleRejectsMapDefects/not_json (0.00s)
    --- PASS: TestAuditBundleRejectsMapDefects/bad_version (0.00s)
    --- PASS: TestAuditBundleRejectsMapDefects/file_mismatch (0.00s)
    --- PASS: TestAuditBundleRejectsMapDefects/empty_sources (0.00s)
    --- PASS: TestAuditBundleRejectsMapDefects/remote_source (0.00s)
    --- PASS: TestAuditBundleRejectsMapDefects/file_source (0.00s)
    --- PASS: TestAuditBundleRejectsMapDefects/malformed_mappings (0.00s)
    --- PASS: TestAuditBundleRejectsMapDefects/segment_outside_script (0.00s)
    --- PASS: TestAuditBundleRejectsMapDefects/source_index_overflow (0.00s)
=== RUN   TestAuditBundleRejectsTableDefects
=== RUN   TestAuditBundleRejectsTableDefects/not_json
=== RUN   TestAuditBundleRejectsTableDefects/excluded_stack
=== RUN   TestAuditBundleRejectsTableDefects/excluded_stackTrace
=== RUN   TestAuditBundleRejectsTableDefects/excluded_cause
=== RUN   TestAuditBundleRejectsTableDefects/excluded_nativeCause
=== RUN   TestAuditBundleRejectsTableDefects/excluded_rawInput
=== RUN   TestAuditBundleRejectsTableDefects/excluded_raw
=== RUN   TestAuditBundleRejectsTableDefects/excluded_secret
=== RUN   TestAuditBundleRejectsTableDefects/excluded_secretBytes
=== RUN   TestAuditBundleRejectsTableDefects/nested_excluded_key
=== RUN   TestAuditBundleRejectsTableDefects/array_table
--- PASS: TestAuditBundleRejectsTableDefects (0.00s)
    --- PASS: TestAuditBundleRejectsTableDefects/not_json (0.00s)
    --- PASS: TestAuditBundleRejectsTableDefects/excluded_stack (0.00s)
    --- PASS: TestAuditBundleRejectsTableDefects/excluded_stackTrace (0.00s)
    --- PASS: TestAuditBundleRejectsTableDefects/excluded_cause (0.00s)
    --- PASS: TestAuditBundleRejectsTableDefects/excluded_nativeCause (0.00s)
    --- PASS: TestAuditBundleRejectsTableDefects/excluded_rawInput (0.00s)
    --- PASS: TestAuditBundleRejectsTableDefects/excluded_raw (0.00s)
    --- PASS: TestAuditBundleRejectsTableDefects/excluded_secret (0.00s)
    --- PASS: TestAuditBundleRejectsTableDefects/excluded_secretBytes (0.00s)
    --- PASS: TestAuditBundleRejectsTableDefects/nested_excluded_key (0.00s)
    --- PASS: TestAuditBundleRejectsTableDefects/array_table (0.00s)
=== RUN   TestAuditBundleRejectsSecrets
=== RUN   TestAuditBundleRejectsSecrets/canary_in_script_string
=== RUN   TestAuditBundleRejectsSecrets/canary_in_map_content
=== RUN   TestAuditBundleRejectsSecrets/canary_in_table
=== RUN   TestAuditBundleRejectsSecrets/build_secret_in_script
=== RUN   TestAuditBundleRejectsSecrets/empty_secret_ignored
--- PASS: TestAuditBundleRejectsSecrets (0.00s)
    --- PASS: TestAuditBundleRejectsSecrets/canary_in_script_string (0.00s)
    --- PASS: TestAuditBundleRejectsSecrets/canary_in_map_content (0.00s)
    --- PASS: TestAuditBundleRejectsSecrets/canary_in_table (0.00s)
    --- PASS: TestAuditBundleRejectsSecrets/build_secret_in_script (0.00s)
    --- PASS: TestAuditBundleRejectsSecrets/empty_secret_ignored (0.00s)
=== RUN   TestDecodeMappingsVectors
--- PASS: TestDecodeMappingsVectors (0.00s)
=== RUN   TestMapOriginResolves
--- PASS: TestMapOriginResolves (0.00s)
=== RUN   TestParseSourceMapValidation
=== RUN   TestParseSourceMapValidation/not_json
=== RUN   TestParseSourceMapValidation/bad_version
=== RUN   TestParseSourceMapValidation/missing_sources
=== RUN   TestParseSourceMapValidation/missing_names
=== RUN   TestParseSourceMapValidation/content_disagreement
--- PASS: TestParseSourceMapValidation (0.00s)
    --- PASS: TestParseSourceMapValidation/not_json (0.00s)
    --- PASS: TestParseSourceMapValidation/bad_version (0.00s)
    --- PASS: TestParseSourceMapValidation/missing_sources (0.00s)
    --- PASS: TestParseSourceMapValidation/missing_names (0.00s)
    --- PASS: TestParseSourceMapValidation/content_disagreement (0.00s)
=== RUN   TestSealedMapsAcceptCompleteSet
--- PASS: TestSealedMapsAcceptCompleteSet (0.00s)
=== RUN   TestSealedMapsRejectDefects
=== RUN   TestSealedMapsRejectDefects/map_names_wrong_file
=== RUN   TestSealedMapsRejectDefects/missing_trailer
=== RUN   TestSealedMapsRejectDefects/tampered_mappings
=== RUN   TestSealedMapsRejectDefects/map_malformed_mappings
=== RUN   TestSealedMapsRejectDefects/index_omits_module
=== RUN   TestSealedMapsRejectDefects/missing_module_map
=== RUN   TestSealedMapsRejectDefects/segment_outside_module
=== RUN   TestSealedMapsRejectDefects/unknown_segment_source
=== RUN   TestSealedMapsRejectDefects/unknown_span_name
=== RUN   TestSealedMapsRejectDefects/map_source_outside_index
=== RUN   TestSealedMapsRejectDefects/canary_in_index
=== RUN   TestSealedMapsRejectDefects/missing_index
=== RUN   TestSealedMapsRejectDefects/map_bad_version
=== RUN   TestSealedMapsRejectDefects/canary_in_map
=== RUN   TestSealedMapsRejectDefects/empty_map_agreement
--- PASS: TestSealedMapsRejectDefects (0.00s)
    --- PASS: TestSealedMapsRejectDefects/map_names_wrong_file (0.00s)
    --- PASS: TestSealedMapsRejectDefects/missing_trailer (0.00s)
    --- PASS: TestSealedMapsRejectDefects/tampered_mappings (0.00s)
    --- PASS: TestSealedMapsRejectDefects/map_malformed_mappings (0.00s)
    --- PASS: TestSealedMapsRejectDefects/index_omits_module (0.00s)
    --- PASS: TestSealedMapsRejectDefects/missing_module_map (0.00s)
    --- PASS: TestSealedMapsRejectDefects/segment_outside_module (0.00s)
    --- PASS: TestSealedMapsRejectDefects/unknown_segment_source (0.00s)
    --- PASS: TestSealedMapsRejectDefects/unknown_span_name (0.00s)
    --- PASS: TestSealedMapsRejectDefects/map_source_outside_index (0.00s)
    --- PASS: TestSealedMapsRejectDefects/canary_in_index (0.00s)
    --- PASS: TestSealedMapsRejectDefects/missing_index (0.00s)
    --- PASS: TestSealedMapsRejectDefects/map_bad_version (0.00s)
    --- PASS: TestSealedMapsRejectDefects/canary_in_map (0.00s)
    --- PASS: TestSealedMapsRejectDefects/empty_map_agreement (0.00s)
=== RUN   TestSealedMapsRejectOrphanMap
--- PASS: TestSealedMapsRejectOrphanMap (0.00s)
=== RUN   TestScanQuotedDataPasses
--- PASS: TestScanQuotedDataPasses (0.00s)
=== RUN   TestScanTemplateInterpolationIsCode
--- PASS: TestScanTemplateInterpolationIsCode (0.00s)
=== RUN   TestScanStaticEdges
--- PASS: TestScanStaticEdges (0.00s)
=== RUN   TestScanImportMemberAndKeyAreNotEdges
--- PASS: TestScanImportMemberAndKeyAreNotEdges (0.00s)
=== RUN   TestScanDynamicImportIsFinding
--- PASS: TestScanDynamicImportIsFinding (0.00s)
=== RUN   TestScanImportMetaAllowed
--- PASS: TestScanImportMetaAllowed (0.00s)
=== RUN   TestScanHostMembers
--- PASS: TestScanHostMembers (0.00s)
=== RUN   TestScanBareHostReferences
--- PASS: TestScanBareHostReferences (0.00s)
=== RUN   TestScanHostKeysAndTernary
--- PASS: TestScanHostKeysAndTernary (0.00s)
=== RUN   TestScanGlobalHostMembers
--- PASS: TestScanGlobalHostMembers (0.00s)
=== RUN   TestScanRequireShapes
--- PASS: TestScanRequireShapes (0.00s)
=== RUN   TestScanClassMembers
--- PASS: TestScanClassMembers (0.00s)
=== RUN   TestScanEvalAndFunction
--- PASS: TestScanEvalAndFunction (0.00s)
=== RUN   TestScanRegexAndDivision
--- PASS: TestScanRegexAndDivision (0.00s)
=== RUN   TestScanFailsClosed
--- PASS: TestScanFailsClosed (0.00s)
=== RUN   TestEmittedBrowserBodiesScanClean
    emitted_scan_test.go:111: scanned 5 generated modules against 33 stubbed runtime modules
--- PASS: TestEmittedBrowserBodiesScanClean (0.54s)
PASS
ok  	github.com/veighnsche/can-lang/compiler/internal/browser	11.899s
=== RUN   TestActionBindingsCatalogueContract
--- PASS: TestActionBindingsCatalogueContract (0.01s)
=== RUN   TestFetchJSONCatalogueContract
--- PASS: TestFetchJSONCatalogueContract (0.01s)
=== RUN   TestBrowserCatalogueContract
--- PASS: TestBrowserCatalogueContract (0.05s)
=== RUN   TestCallableAndArmDataSpecialization
=== RUN   TestCallableAndArmDataSpecialization/callable_int_()_emits_[]
=== RUN   TestCallableAndArmDataSpecialization/callable_void_(str)_emits_[http::timeout]
=== RUN   TestCallableAndArmDataSpecialization/choice_arm<int>_emits_[]
=== RUN   TestCallableAndArmDataSpecialization/choice_arm<void>_emits_[http::timeout]
=== RUN   TestCallableAndArmDataSpecialization/option::value<callable_int_(str)_emits_[http::timeout]>
=== RUN   TestCallableAndArmDataSpecialization/option::value<choice_arm<int>_emits_[http::timeout]>
=== RUN   TestCallableAndArmDataSpecialization/callable_callable_int_(str)_emits_[]_(bool)_emits_[http::timeout]
--- PASS: TestCallableAndArmDataSpecialization (0.00s)
    --- PASS: TestCallableAndArmDataSpecialization/callable_int_()_emits_[] (0.00s)
    --- PASS: TestCallableAndArmDataSpecialization/callable_void_(str)_emits_[http::timeout] (0.00s)
    --- PASS: TestCallableAndArmDataSpecialization/choice_arm<int>_emits_[] (0.00s)
    --- PASS: TestCallableAndArmDataSpecialization/choice_arm<void>_emits_[http::timeout] (0.00s)
    --- PASS: TestCallableAndArmDataSpecialization/option::value<callable_int_(str)_emits_[http::timeout]> (0.00s)
    --- PASS: TestCallableAndArmDataSpecialization/option::value<choice_arm<int>_emits_[http::timeout]> (0.00s)
    --- PASS: TestCallableAndArmDataSpecialization/callable_callable_int_(str)_emits_[]_(bool)_emits_[http::timeout] (0.00s)
=== RUN   TestStructuralSourceBridgeAndNestedSubstitution
--- PASS: TestStructuralSourceBridgeAndNestedSubstitution (0.00s)
=== RUN   TestFunctionalDataRetainsWireAndKeyExclusions
--- PASS: TestFunctionalDataRetainsWireAndKeyExclusions (0.00s)
=== RUN   TestFunctionalDataRequiresValidComponentsAndErrorKinds
--- PASS: TestFunctionalDataRequiresValidComponentsAndErrorKinds (0.00s)
=== RUN   TestCallbackSpecializationPreservesNestedFunctionalBounds
--- PASS: TestCallbackSpecializationPreservesNestedFunctionalBounds (0.00s)
=== RUN   TestCompleteInventoryAndMirrors
=== RUN   TestCompleteInventoryAndMirrors/text::from_int
=== RUN   TestCompleteInventoryAndMirrors/text::from_float
=== RUN   TestCompleteInventoryAndMirrors/text::from_bool
=== RUN   TestCompleteInventoryAndMirrors/number::int_to_float
=== RUN   TestCompleteInventoryAndMirrors/number::float_to_int
=== RUN   TestCompleteInventoryAndMirrors/number::bool_to_int
=== RUN   TestCompleteInventoryAndMirrors/number::int_to_bool
=== RUN   TestCompleteInventoryAndMirrors/number::floor
=== RUN   TestCompleteInventoryAndMirrors/number::ceil
=== RUN   TestCompleteInventoryAndMirrors/number::trunc
=== RUN   TestCompleteInventoryAndMirrors/number::round
=== RUN   TestCompleteInventoryAndMirrors/number::is_finite
=== RUN   TestCompleteInventoryAndMirrors/number::is_nan
=== RUN   TestCompleteInventoryAndMirrors/text::to_int
=== RUN   TestCompleteInventoryAndMirrors/text::to_float
=== RUN   TestCompleteInventoryAndMirrors/text::to_bool
=== RUN   TestCompleteInventoryAndMirrors/array.map
=== RUN   TestCompleteInventoryAndMirrors/array.filter
=== RUN   TestCompleteInventoryAndMirrors/array.for_each
=== RUN   TestCompleteInventoryAndMirrors/array.fold
=== RUN   TestCompleteInventoryAndMirrors/array.find
=== RUN   TestCompleteInventoryAndMirrors/array.some
=== RUN   TestCompleteInventoryAndMirrors/array.every
=== RUN   TestCompleteInventoryAndMirrors/array.sort_by
=== RUN   TestCompleteInventoryAndMirrors/array.slice
=== RUN   TestCompleteInventoryAndMirrors/array.concat
=== RUN   TestCompleteInventoryAndMirrors/array.to_reversed
=== RUN   TestCompleteInventoryAndMirrors/append
=== RUN   TestCompleteInventoryAndMirrors/str.includes
=== RUN   TestCompleteInventoryAndMirrors/str.starts_with
=== RUN   TestCompleteInventoryAndMirrors/str.ends_with
=== RUN   TestCompleteInventoryAndMirrors/str.to_lower_case
=== RUN   TestCompleteInventoryAndMirrors/str.to_upper_case
=== RUN   TestCompleteInventoryAndMirrors/str.trim
=== RUN   TestCompleteInventoryAndMirrors/str.slice
=== RUN   TestCompleteInventoryAndMirrors/str.split
=== RUN   TestCompleteInventoryAndMirrors/str.replace_all
=== RUN   TestCompleteInventoryAndMirrors/text::join
=== RUN   TestCompleteInventoryAndMirrors/text::scalars
=== RUN   TestCompleteInventoryAndMirrors/text::from_scalars
=== RUN   TestCompleteInventoryAndMirrors/text::graphemes
=== RUN   TestCompleteInventoryAndMirrors/text::normalize_nfc
=== RUN   TestCompleteInventoryAndMirrors/text::compile_regex
=== RUN   TestCompleteInventoryAndMirrors/text::matches
=== RUN   TestCompleteInventoryAndMirrors/collections::empty_map
=== RUN   TestCompleteInventoryAndMirrors/collections::empty_set
=== RUN   TestCompleteInventoryAndMirrors/collections::get
=== RUN   TestCompleteInventoryAndMirrors/collections::insert
=== RUN   TestCompleteInventoryAndMirrors/collections::replace
=== RUN   TestCompleteInventoryAndMirrors/collections::remove
=== RUN   TestCompleteInventoryAndMirrors/collections::entries
=== RUN   TestCompleteInventoryAndMirrors/collections::contains
=== RUN   TestCompleteInventoryAndMirrors/collections::add
=== RUN   TestCompleteInventoryAndMirrors/collections::union
=== RUN   TestCompleteInventoryAndMirrors/collections::intersection
=== RUN   TestCompleteInventoryAndMirrors/collections::difference
=== RUN   TestCompleteInventoryAndMirrors/number::divmod
=== RUN   TestCompleteInventoryAndMirrors/number::euclidean_divmod
=== RUN   TestCompleteInventoryAndMirrors/number::round_ratio_half_even
=== RUN   TestCompleteInventoryAndMirrors/bytes::empty
=== RUN   TestCompleteInventoryAndMirrors/bytes::from_ints
=== RUN   TestCompleteInventoryAndMirrors/bytes::to_ints
=== RUN   TestCompleteInventoryAndMirrors/bytes::from_utf8
=== RUN   TestCompleteInventoryAndMirrors/bytes::to_utf8
=== RUN   TestCompleteInventoryAndMirrors/bytes::encode_base64
=== RUN   TestCompleteInventoryAndMirrors/bytes::decode_base64
=== RUN   TestCompleteInventoryAndMirrors/bytes::encode_hex
=== RUN   TestCompleteInventoryAndMirrors/bytes::decode_hex
=== RUN   TestCompleteInventoryAndMirrors/codec::encode_json
=== RUN   TestCompleteInventoryAndMirrors/codec::decode_json
=== RUN   TestCompleteInventoryAndMirrors/array.length
=== RUN   TestCompleteInventoryAndMirrors/str.length
=== RUN   TestCompleteInventoryAndMirrors/bytes.length
=== RUN   TestCompleteInventoryAndMirrors/io::stdin_bytes
=== RUN   TestCompleteInventoryAndMirrors/io::stdin_text
=== RUN   TestCompleteInventoryAndMirrors/io::stdout_write
=== RUN   TestCompleteInventoryAndMirrors/io::stderr_write
=== RUN   TestCompleteInventoryAndMirrors/clock::wall_millis
=== RUN   TestCompleteInventoryAndMirrors/clock::monotonic_millis
=== RUN   TestCompleteInventoryAndMirrors/clock::sleep_millis
=== RUN   TestCompleteInventoryAndMirrors/random::secure_bytes
=== RUN   TestCompleteInventoryAndMirrors/random::uuid_v4
=== RUN   TestCompleteInventoryAndMirrors/password::hash
=== RUN   TestCompleteInventoryAndMirrors/password::verify
=== RUN   TestCompleteInventoryAndMirrors/crypto::sha256
=== RUN   TestCompleteInventoryAndMirrors/crypto::hmac_sha256
=== RUN   TestCompleteInventoryAndMirrors/crypto::generate_aes_key
=== RUN   TestCompleteInventoryAndMirrors/crypto::generate_ed25519_keypair
=== RUN   TestCompleteInventoryAndMirrors/crypto::import_ed25519_public
=== RUN   TestCompleteInventoryAndMirrors/crypto::export_ed25519_public
=== RUN   TestCompleteInventoryAndMirrors/crypto::encrypt_aes_gcm
=== RUN   TestCompleteInventoryAndMirrors/crypto::encrypt_aes_gcm_sealed
=== RUN   TestCompleteInventoryAndMirrors/crypto::decrypt_aes_gcm
=== RUN   TestCompleteInventoryAndMirrors/crypto::sign_ed25519
=== RUN   TestCompleteInventoryAndMirrors/crypto::verify_ed25519
=== RUN   TestCompleteInventoryAndMirrors/env::required
=== RUN   TestCompleteInventoryAndMirrors/env::optional
=== RUN   TestCompleteInventoryAndMirrors/log::write_info
=== RUN   TestCompleteInventoryAndMirrors/log::write_error
=== RUN   TestCompleteInventoryAndMirrors/form::named_collection
=== RUN   TestCompleteInventoryAndMirrors/form::named_field
=== RUN   TestCompleteInventoryAndMirrors/form::row_key
=== RUN   TestCompleteInventoryAndMirrors/form::order_name
=== RUN   TestCompleteInventoryAndMirrors/form::input_name
=== RUN   TestCompleteInventoryAndMirrors/form::field_name
=== RUN   TestCompleteInventoryAndMirrors/html::make_tag
=== RUN   TestCompleteInventoryAndMirrors/html::text
=== RUN   TestCompleteInventoryAndMirrors/html::parse_url
=== RUN   TestCompleteInventoryAndMirrors/html::text_attribute
=== RUN   TestCompleteInventoryAndMirrors/html::url_attribute
=== RUN   TestCompleteInventoryAndMirrors/html::element
=== RUN   TestCompleteInventoryAndMirrors/html::fragment
=== RUN   TestCompleteInventoryAndMirrors/html::text_fragment
=== RUN   TestCompleteInventoryAndMirrors/html::stylesheet
=== RUN   TestCompleteInventoryAndMirrors/html::meta_viewport
=== RUN   TestCompleteInventoryAndMirrors/html::document
=== RUN   TestCompleteInventoryAndMirrors/htmx::get
=== RUN   TestCompleteInventoryAndMirrors/htmx::post
=== RUN   TestCompleteInventoryAndMirrors/htmx::target_id
=== RUN   TestCompleteInventoryAndMirrors/htmx::target_attribute
=== RUN   TestCompleteInventoryAndMirrors/htmx::indicator_id
=== RUN   TestCompleteInventoryAndMirrors/htmx::swap_inner
=== RUN   TestCompleteInventoryAndMirrors/htmx::swap_outer
=== RUN   TestCompleteInventoryAndMirrors/htmx::trigger_change
=== RUN   TestCompleteInventoryAndMirrors/htmx::disable_this
=== RUN   TestCompleteInventoryAndMirrors/htmx::trigger_input_changed
=== RUN   TestCompleteInventoryAndMirrors/htmx::trigger_every
=== RUN   TestCompleteInventoryAndMirrors/htmx::runtime_head
=== RUN   TestCompleteInventoryAndMirrors/asset::url
=== RUN   TestCompleteInventoryAndMirrors/http::request_method
=== RUN   TestCompleteInventoryAndMirrors/http::request_path
=== RUN   TestCompleteInventoryAndMirrors/http::request_headers
=== RUN   TestCompleteInventoryAndMirrors/http::query_one
=== RUN   TestCompleteInventoryAndMirrors/http::query_all
=== RUN   TestCompleteInventoryAndMirrors/http::request_body
=== RUN   TestCompleteInventoryAndMirrors/http::request_json
=== RUN   TestCompleteInventoryAndMirrors/http::request_form
=== RUN   TestCompleteInventoryAndMirrors/http::request_multipart
=== RUN   TestCompleteInventoryAndMirrors/http::make_status
=== RUN   TestCompleteInventoryAndMirrors/http::make_body_status
=== RUN   TestCompleteInventoryAndMirrors/http::status_ok
=== RUN   TestCompleteInventoryAndMirrors/http::status_unprocessable
=== RUN   TestCompleteInventoryAndMirrors/http::status_internal
=== RUN   TestCompleteInventoryAndMirrors/http::status_unavailable
=== RUN   TestCompleteInventoryAndMirrors/http::make_server_headers
=== RUN   TestCompleteInventoryAndMirrors/http::empty_server_headers
=== RUN   TestCompleteInventoryAndMirrors/http::response_empty
=== RUN   TestCompleteInventoryAndMirrors/http::response_bytes
=== RUN   TestCompleteInventoryAndMirrors/http::response_text
=== RUN   TestCompleteInventoryAndMirrors/http::response_html
=== RUN   TestCompleteInventoryAndMirrors/http::response_json
=== RUN   TestCompleteInventoryAndMirrors/http::response_stream
=== RUN   TestCompleteInventoryAndMirrors/http::response_writer
=== RUN   TestCompleteInventoryAndMirrors/http::response_sse
=== RUN   TestCompleteInventoryAndMirrors/http::sse_send
=== RUN   TestCompleteInventoryAndMirrors/http::sse_comment
=== RUN   TestCompleteInventoryAndMirrors/http::route_get
=== RUN   TestCompleteInventoryAndMirrors/http::route_post
=== RUN   TestCompleteInventoryAndMirrors/http::route_put
=== RUN   TestCompleteInventoryAndMirrors/http::route_patch
=== RUN   TestCompleteInventoryAndMirrors/http::route_delete
=== RUN   TestCompleteInventoryAndMirrors/http::route_options
=== RUN   TestCompleteInventoryAndMirrors/http::route_head
=== RUN   TestCompleteInventoryAndMirrors/http::make_router
=== RUN   TestCompleteInventoryAndMirrors/http::route_stream
=== RUN   TestCompleteInventoryAndMirrors/http::serve_form_action
=== RUN   TestCompleteInventoryAndMirrors/http::fetch_json_get
=== RUN   TestCompleteInventoryAndMirrors/http::fetch_json_post
=== RUN   TestCompleteInventoryAndMirrors/http::request_body_stream
=== RUN   TestCompleteInventoryAndMirrors/http::make_server_config
=== RUN   TestCompleteInventoryAndMirrors/http::server_start
=== RUN   TestCompleteInventoryAndMirrors/http::make_tls_config
=== RUN   TestCompleteInventoryAndMirrors/http::server_start_tls
=== RUN   TestCompleteInventoryAndMirrors/http::server_wait
=== RUN   TestCompleteInventoryAndMirrors/http::server_stop
=== RUN   TestCompleteInventoryAndMirrors/sql::pool_open
=== RUN   TestCompleteInventoryAndMirrors/sql::pool_close
=== RUN   TestCompleteInventoryAndMirrors/sql::sqlite_open_memory
=== RUN   TestCompleteInventoryAndMirrors/sql::sqlite_open_file
=== RUN   TestCompleteInventoryAndMirrors/sql::mysql_open
=== RUN   TestCompleteInventoryAndMirrors/sql::query_one
=== RUN   TestCompleteInventoryAndMirrors/sql::query_optional
=== RUN   TestCompleteInventoryAndMirrors/sql::query_rows
=== RUN   TestCompleteInventoryAndMirrors/sql::execute
=== RUN   TestCompleteInventoryAndMirrors/sql::transaction_query_one
=== RUN   TestCompleteInventoryAndMirrors/sql::transaction_query_optional
=== RUN   TestCompleteInventoryAndMirrors/sql::transaction_query_rows
=== RUN   TestCompleteInventoryAndMirrors/sql::transaction_execute
=== RUN   TestCompleteInventoryAndMirrors/sql::with_transaction
=== RUN   TestCompleteInventoryAndMirrors/checks::require
=== RUN   TestCompleteInventoryAndMirrors/files::read_bytes
=== RUN   TestCompleteInventoryAndMirrors/files::read_text
=== RUN   TestCompleteInventoryAndMirrors/files::write_bytes
=== RUN   TestCompleteInventoryAndMirrors/files::write_text
=== RUN   TestCompleteInventoryAndMirrors/files::stat
=== RUN   TestCompleteInventoryAndMirrors/files::exists
=== RUN   TestCompleteInventoryAndMirrors/files::list
=== RUN   TestCompleteInventoryAndMirrors/files::mkdir
=== RUN   TestCompleteInventoryAndMirrors/files::copy
=== RUN   TestCompleteInventoryAndMirrors/files::move
=== RUN   TestCompleteInventoryAndMirrors/files::remove
=== RUN   TestCompleteInventoryAndMirrors/files::glob
=== RUN   TestCompleteInventoryAndMirrors/path::resolve
=== RUN   TestCompleteInventoryAndMirrors/path::join
=== RUN   TestCompleteInventoryAndMirrors/path::basename
=== RUN   TestCompleteInventoryAndMirrors/path::extension
=== RUN   TestCompleteInventoryAndMirrors/process::run
=== RUN   TestCompleteInventoryAndMirrors/process::require_success
=== RUN   TestCompleteInventoryAndMirrors/process::which
=== RUN   TestCompleteInventoryAndMirrors/stream::read_many
=== RUN   TestCompleteInventoryAndMirrors/stream::write_some
=== RUN   TestCompleteInventoryAndMirrors/stream::close_reader
=== RUN   TestCompleteInventoryAndMirrors/stream::close_writer
=== RUN   TestCompleteInventoryAndMirrors/stream::cancel_reader
=== RUN   TestCompleteInventoryAndMirrors/stream::cancel_writer
=== RUN   TestCompleteInventoryAndMirrors/files::read_stream
=== RUN   TestCompleteInventoryAndMirrors/files::read_lines_stream
=== RUN   TestCompleteInventoryAndMirrors/files::write_stream
=== RUN   TestCompleteInventoryAndMirrors/url::parse
=== RUN   TestCompleteInventoryAndMirrors/url::resolve
=== RUN   TestCompleteInventoryAndMirrors/url::to_string
=== RUN   TestCompleteInventoryAndMirrors/url::query_all
=== RUN   TestCompleteInventoryAndMirrors/url::query_pairs
=== RUN   TestCompleteInventoryAndMirrors/url::with_query
=== RUN   TestCompleteInventoryAndMirrors/time::instant_from_epoch_millis
=== RUN   TestCompleteInventoryAndMirrors/time::instant_epoch_millis
=== RUN   TestCompleteInventoryAndMirrors/time::format_in_zone
=== RUN   TestCompleteInventoryAndMirrors/time::resolve_zoned_time
=== RUN   TestCompleteInventoryAndMirrors/ws::connect
=== RUN   TestCompleteInventoryAndMirrors/ws::accept
=== RUN   TestCompleteInventoryAndMirrors/ws::send_text
=== RUN   TestCompleteInventoryAndMirrors/ws::send_bytes
=== RUN   TestCompleteInventoryAndMirrors/ws::close
=== RUN   TestCompleteInventoryAndMirrors/cookie::parse
=== RUN   TestCompleteInventoryAndMirrors/cookie::get
=== RUN   TestCompleteInventoryAndMirrors/cookie::make
=== RUN   TestCompleteInventoryAndMirrors/cookie::serialize
=== RUN   TestCompleteInventoryAndMirrors/cookie::expire
=== RUN   TestCompleteInventoryAndMirrors/csrf::generate
=== RUN   TestCompleteInventoryAndMirrors/csrf::verify
=== RUN   TestCompleteInventoryAndMirrors/s3::client_open
=== RUN   TestCompleteInventoryAndMirrors/s3::read_bytes
=== RUN   TestCompleteInventoryAndMirrors/s3::read_range
=== RUN   TestCompleteInventoryAndMirrors/s3::read_stream
=== RUN   TestCompleteInventoryAndMirrors/s3::write_bytes
=== RUN   TestCompleteInventoryAndMirrors/s3::write_stream
=== RUN   TestCompleteInventoryAndMirrors/s3::stat
=== RUN   TestCompleteInventoryAndMirrors/s3::exists
=== RUN   TestCompleteInventoryAndMirrors/s3::delete
=== RUN   TestCompleteInventoryAndMirrors/s3::list
=== RUN   TestCompleteInventoryAndMirrors/s3::presign
=== RUN   TestCompleteInventoryAndMirrors/s3::describe
=== RUN   TestCompleteInventoryAndMirrors/s3::begin_upload
=== RUN   TestCompleteInventoryAndMirrors/s3::upload_write
=== RUN   TestCompleteInventoryAndMirrors/s3::upload_finish
=== RUN   TestCompleteInventoryAndMirrors/s3::cancel_upload
=== RUN   TestCompleteInventoryAndMirrors/codec::decode_toml
=== RUN   TestCompleteInventoryAndMirrors/codec::decode_yaml
=== RUN   TestCompleteInventoryAndMirrors/codec::decode_json5
=== RUN   TestCompleteInventoryAndMirrors/codec::decode_jsonl
=== RUN   TestCompleteInventoryAndMirrors/codec::consume_jsonl
=== RUN   TestCompleteInventoryAndMirrors/markdown::render_text_html
=== RUN   TestCompleteInventoryAndMirrors/markdown::render_safe
=== RUN   TestCompleteInventoryAndMirrors/browser::mount
=== RUN   TestCompleteInventoryAndMirrors/browser::root
=== RUN   TestCompleteInventoryAndMirrors/browser::open_view
=== RUN   TestCompleteInventoryAndMirrors/browser::dispose_view
=== RUN   TestCompleteInventoryAndMirrors/browser::dispose_app
=== RUN   TestCompleteInventoryAndMirrors/browser::create_element
=== RUN   TestCompleteInventoryAndMirrors/browser::create_text
=== RUN   TestCompleteInventoryAndMirrors/browser::set_text
=== RUN   TestCompleteInventoryAndMirrors/browser::set_attribute
=== RUN   TestCompleteInventoryAndMirrors/browser::remove_attribute
=== RUN   TestCompleteInventoryAndMirrors/browser::append_child
=== RUN   TestCompleteInventoryAndMirrors/browser::remove_node
=== RUN   TestCompleteInventoryAndMirrors/browser::focus
=== RUN   TestCompleteInventoryAndMirrors/browser::on_event
=== RUN   TestCompleteInventoryAndMirrors/browser::set_timeout
=== RUN   TestCompleteInventoryAndMirrors/browser::create_state
=== RUN   TestCompleteInventoryAndMirrors/browser::read_state
=== RUN   TestCompleteInventoryAndMirrors/browser::replace_state
=== RUN   TestCompleteInventoryAndMirrors/browser::query_parameter
=== RUN   TestCompleteInventoryAndMirrors/browser::on_cancel_key
=== RUN   TestCompleteInventoryAndMirrors/browser::on_cancel_event
=== RUN   TestCompleteInventoryAndMirrors/action::mount
=== RUN   TestCompleteInventoryAndMirrors/action::url
=== RUN   TestCompleteInventoryAndMirrors/action::request
=== RUN   TestCompleteInventoryAndMirrors/action::post
--- PASS: TestCompleteInventoryAndMirrors (0.01s)
    --- PASS: TestCompleteInventoryAndMirrors/text::from_int (0.00s)
    --- PASS: TestCompleteInventoryAndMirrors/text::from_float (0.00s)
    --- PASS: TestCompleteInventoryAndMirrors/text::from_bool (0.00s)
    --- PASS: TestCompleteInventoryAndMirrors/number::int_to_float (0.00s)
    --- PASS: TestCompleteInventoryAndMirrors/number::float_to_int (0.00s)
    --- PASS: TestCompleteInventoryAndMirrors/number::bool_to_int (0.00s)
    --- PASS: TestCompleteInventoryAndMirrors/number::int_to_bool (0.00s)
    --- PASS: TestCompleteInventoryAndMirrors/number::floor (0.00s)
    --- PASS: TestCompleteInventoryAndMirrors/number::ceil (0.00s)
    --- PASS: TestCompleteInventoryAndMirrors/number::trunc (0.00s)
    --- PASS: TestCompleteInventoryAndMirrors/number::round (0.00s)
    --- PASS: TestCompleteInventoryAndMirrors/number::is_finite (0.00s)
    --- PASS: TestCompleteInventoryAndMirrors/number::is_nan (0.00s)
    --- PASS: TestCompleteInventoryAndMirrors/text::to_int (0.00s)
    --- PASS: TestCompleteInventoryAndMirrors/text::to_float (0.00s)
    --- PASS: TestCompleteInventoryAndMirrors/text::to_bool (0.00s)
    --- PASS: TestCompleteInventoryAndMirrors/array.map (0.00s)
    --- PASS: TestCompleteInventoryAndMirrors/array.filter (0.00s)
    --- PASS: TestCompleteInventoryAndMirrors/array.for_each (0.00s)
    --- PASS: TestCompleteInventoryAndMirrors/array.fold (0.00s)
    --- PASS: TestCompleteInventoryAndMirrors/array.find (0.00s)
    --- PASS: TestCompleteInventoryAndMirrors/array.some (0.00s)
    --- PASS: TestCompleteInventoryAndMirrors/array.every (0.00s)
    --- PASS: TestCompleteInventoryAndMirrors/array.sort_by (0.00s)
    --- PASS: TestCompleteInventoryAndMirrors/array.slice (0.00s)
    --- PASS: TestCompleteInventoryAndMirrors/array.concat (0.00s)
    --- PASS: TestCompleteInventoryAndMirrors/array.to_reversed (0.00s)
    --- PASS: TestCompleteInventoryAndMirrors/append (0.00s)
    --- PASS: TestCompleteInventoryAndMirrors/str.includes (0.00s)
    --- PASS: TestCompleteInventoryAndMirrors/str.starts_with (0.00s)
    --- PASS: TestCompleteInventoryAndMirrors/str.ends_with (0.00s)
    --- PASS: TestCompleteInventoryAndMirrors/str.to_lower_case (0.00s)
    --- PASS: TestCompleteInventoryAndMirrors/str.to_upper_case (0.00s)
    --- PASS: TestCompleteInventoryAndMirrors/str.trim (0.00s)
    --- PASS: TestCompleteInventoryAndMirrors/str.slice (0.00s)
    --- PASS: TestCompleteInventoryAndMirrors/str.split (0.00s)
    --- PASS: TestCompleteInventoryAndMirrors/str.replace_all (0.00s)
    --- PASS: TestCompleteInventoryAndMirrors/text::join (0.00s)
    --- PASS: TestCompleteInventoryAndMirrors/text::scalars (0.00s)
    --- PASS: TestCompleteInventoryAndMirrors/text::from_scalars (0.00s)
    --- PASS: TestCompleteInventoryAndMirrors/text::graphemes (0.00s)
    --- PASS: TestCompleteInventoryAndMirrors/text::normalize_nfc (0.00s)
    --- PASS: TestCompleteInventoryAndMirrors/text::compile_regex (0.00s)
    --- PASS: TestCompleteInventoryAndMirrors/text::matches (0.00s)
    --- PASS: TestCompleteInventoryAndMirrors/collections::empty_map (0.00s)
    --- PASS: TestCompleteInventoryAndMirrors/collections::empty_set (0.00s)
    --- PASS: TestCompleteInventoryAndMirrors/collections::get (0.00s)
    --- PASS: TestCompleteInventoryAndMirrors/collections::insert (0.00s)
    --- PASS: TestCompleteInventoryAndMirrors/collections::replace (0.00s)
    --- PASS: TestCompleteInventoryAndMirrors/collections::remove (0.00s)
    --- PASS: TestCompleteInventoryAndMirrors/collections::entries (0.00s)
    --- PASS: TestCompleteInventoryAndMirrors/collections::contains (0.00s)
    --- PASS: TestCompleteInventoryAndMirrors/collections::add (0.00s)
    --- PASS: TestCompleteInventoryAndMirrors/collections::union (0.00s)
    --- PASS: TestCompleteInventoryAndMirrors/collections::intersection (0.00s)
    --- PASS: TestCompleteInventoryAndMirrors/collections::difference (0.00s)
    --- PASS: TestCompleteInventoryAndMirrors/number::divmod (0.00s)
    --- PASS: TestCompleteInventoryAndMirrors/number::euclidean_divmod (0.00s)
    --- PASS: TestCompleteInventoryAndMirrors/number::round_ratio_half_even (0.00s)
    --- PASS: TestCompleteInventoryAndMirrors/bytes::empty (0.00s)
    --- PASS: TestCompleteInventoryAndMirrors/bytes::from_ints (0.00s)
    --- PASS: TestCompleteInventoryAndMirrors/bytes::to_ints (0.00s)
    --- PASS: TestCompleteInventoryAndMirrors/bytes::from_utf8 (0.00s)
    --- PASS: TestCompleteInventoryAndMirrors/bytes::to_utf8 (0.00s)
    --- PASS: TestCompleteInventoryAndMirrors/bytes::encode_base64 (0.00s)
    --- PASS: TestCompleteInventoryAndMirrors/bytes::decode_base64 (0.00s)
    --- PASS: TestCompleteInventoryAndMirrors/bytes::encode_hex (0.00s)
    --- PASS: TestCompleteInventoryAndMirrors/bytes::decode_hex (0.00s)
    --- PASS: TestCompleteInventoryAndMirrors/codec::encode_json (0.00s)
    --- PASS: TestCompleteInventoryAndMirrors/codec::decode_json (0.00s)
    --- PASS: TestCompleteInventoryAndMirrors/array.length (0.00s)
    --- PASS: TestCompleteInventoryAndMirrors/str.length (0.00s)
    --- PASS: TestCompleteInventoryAndMirrors/bytes.length (0.00s)
    --- PASS: TestCompleteInventoryAndMirrors/io::stdin_bytes (0.00s)
    --- PASS: TestCompleteInventoryAndMirrors/io::stdin_text (0.00s)
    --- PASS: TestCompleteInventoryAndMirrors/io::stdout_write (0.00s)
    --- PASS: TestCompleteInventoryAndMirrors/io::stderr_write (0.00s)
    --- PASS: TestCompleteInventoryAndMirrors/clock::wall_millis (0.00s)
    --- PASS: TestCompleteInventoryAndMirrors/clock::monotonic_millis (0.00s)
    --- PASS: TestCompleteInventoryAndMirrors/clock::sleep_millis (0.00s)
    --- PASS: TestCompleteInventoryAndMirrors/random::secure_bytes (0.00s)
    --- PASS: TestCompleteInventoryAndMirrors/random::uuid_v4 (0.00s)
    --- PASS: TestCompleteInventoryAndMirrors/password::hash (0.00s)
    --- PASS: TestCompleteInventoryAndMirrors/password::verify (0.00s)
    --- PASS: TestCompleteInventoryAndMirrors/crypto::sha256 (0.00s)
    --- PASS: TestCompleteInventoryAndMirrors/crypto::hmac_sha256 (0.00s)
    --- PASS: TestCompleteInventoryAndMirrors/crypto::generate_aes_key (0.00s)
    --- PASS: TestCompleteInventoryAndMirrors/crypto::generate_ed25519_keypair (0.00s)
    --- PASS: TestCompleteInventoryAndMirrors/crypto::import_ed25519_public (0.00s)
    --- PASS: TestCompleteInventoryAndMirrors/crypto::export_ed25519_public (0.00s)
    --- PASS: TestCompleteInventoryAndMirrors/crypto::encrypt_aes_gcm (0.00s)
    --- PASS: TestCompleteInventoryAndMirrors/crypto::encrypt_aes_gcm_sealed (0.00s)
    --- PASS: TestCompleteInventoryAndMirrors/crypto::decrypt_aes_gcm (0.00s)
    --- PASS: TestCompleteInventoryAndMirrors/crypto::sign_ed25519 (0.00s)
    --- PASS: TestCompleteInventoryAndMirrors/crypto::verify_ed25519 (0.00s)
    --- PASS: TestCompleteInventoryAndMirrors/env::required (0.00s)
    --- PASS: TestCompleteInventoryAndMirrors/env::optional (0.00s)
    --- PASS: TestCompleteInventoryAndMirrors/log::write_info (0.00s)
    --- PASS: TestCompleteInventoryAndMirrors/log::write_error (0.00s)
    --- PASS: TestCompleteInventoryAndMirrors/form::named_collection (0.00s)
    --- PASS: TestCompleteInventoryAndMirrors/form::named_field (0.00s)
    --- PASS: TestCompleteInventoryAndMirrors/form::row_key (0.00s)
    --- PASS: TestCompleteInventoryAndMirrors/form::order_name (0.00s)
    --- PASS: TestCompleteInventoryAndMirrors/form::input_name (0.00s)
    --- PASS: TestCompleteInventoryAndMirrors/form::field_name (0.00s)
    --- PASS: TestCompleteInventoryAndMirrors/html::make_tag (0.00s)
    --- PASS: TestCompleteInventoryAndMirrors/html::text (0.00s)
    --- PASS: TestCompleteInventoryAndMirrors/html::parse_url (0.00s)
    --- PASS: TestCompleteInventoryAndMirrors/html::text_attribute (0.00s)
    --- PASS: TestCompleteInventoryAndMirrors/html::url_attribute (0.00s)
    --- PASS: TestCompleteInventoryAndMirrors/html::element (0.00s)
    --- PASS: TestCompleteInventoryAndMirrors/html::fragment (0.00s)
    --- PASS: TestCompleteInventoryAndMirrors/html::text_fragment (0.00s)
    --- PASS: TestCompleteInventoryAndMirrors/html::stylesheet (0.00s)
    --- PASS: TestCompleteInventoryAndMirrors/html::meta_viewport (0.00s)
    --- PASS: TestCompleteInventoryAndMirrors/html::document (0.00s)
    --- PASS: TestCompleteInventoryAndMirrors/htmx::get (0.00s)
    --- PASS: TestCompleteInventoryAndMirrors/htmx::post (0.00s)
    --- PASS: TestCompleteInventoryAndMirrors/htmx::target_id (0.00s)
    --- PASS: TestCompleteInventoryAndMirrors/htmx::target_attribute (0.00s)
    --- PASS: TestCompleteInventoryAndMirrors/htmx::indicator_id (0.00s)
    --- PASS: TestCompleteInventoryAndMirrors/htmx::swap_inner (0.00s)
    --- PASS: TestCompleteInventoryAndMirrors/htmx::swap_outer (0.00s)
    --- PASS: TestCompleteInventoryAndMirrors/htmx::trigger_change (0.00s)
    --- PASS: TestCompleteInventoryAndMirrors/htmx::disable_this (0.00s)
    --- PASS: TestCompleteInventoryAndMirrors/htmx::trigger_input_changed (0.00s)
    --- PASS: TestCompleteInventoryAndMirrors/htmx::trigger_every (0.00s)
    --- PASS: TestCompleteInventoryAndMirrors/htmx::runtime_head (0.00s)
    --- PASS: TestCompleteInventoryAndMirrors/asset::url (0.00s)
    --- PASS: TestCompleteInventoryAndMirrors/http::request_method (0.00s)
    --- PASS: TestCompleteInventoryAndMirrors/http::request_path (0.00s)
    --- PASS: TestCompleteInventoryAndMirrors/http::request_headers (0.00s)
    --- PASS: TestCompleteInventoryAndMirrors/http::query_one (0.00s)
    --- PASS: TestCompleteInventoryAndMirrors/http::query_all (0.00s)
    --- PASS: TestCompleteInventoryAndMirrors/http::request_body (0.00s)
    --- PASS: TestCompleteInventoryAndMirrors/http::request_json (0.00s)
    --- PASS: TestCompleteInventoryAndMirrors/http::request_form (0.00s)
    --- PASS: TestCompleteInventoryAndMirrors/http::request_multipart (0.00s)
    --- PASS: TestCompleteInventoryAndMirrors/http::make_status (0.00s)
    --- PASS: TestCompleteInventoryAndMirrors/http::make_body_status (0.00s)
    --- PASS: TestCompleteInventoryAndMirrors/http::status_ok (0.00s)
    --- PASS: TestCompleteInventoryAndMirrors/http::status_unprocessable (0.00s)
    --- PASS: TestCompleteInventoryAndMirrors/http::status_internal (0.00s)
    --- PASS: TestCompleteInventoryAndMirrors/http::status_unavailable (0.00s)
    --- PASS: TestCompleteInventoryAndMirrors/http::make_server_headers (0.00s)
    --- PASS: TestCompleteInventoryAndMirrors/http::empty_server_headers (0.00s)
    --- PASS: TestCompleteInventoryAndMirrors/http::response_empty (0.00s)
    --- PASS: TestCompleteInventoryAndMirrors/http::response_bytes (0.00s)
    --- PASS: TestCompleteInventoryAndMirrors/http::response_text (0.00s)
    --- PASS: TestCompleteInventoryAndMirrors/http::response_html (0.00s)
    --- PASS: TestCompleteInventoryAndMirrors/http::response_json (0.00s)
    --- PASS: TestCompleteInventoryAndMirrors/http::response_stream (0.00s)
    --- PASS: TestCompleteInventoryAndMirrors/http::response_writer (0.00s)
    --- PASS: TestCompleteInventoryAndMirrors/http::response_sse (0.00s)
    --- PASS: TestCompleteInventoryAndMirrors/http::sse_send (0.00s)
    --- PASS: TestCompleteInventoryAndMirrors/http::sse_comment (0.00s)
    --- PASS: TestCompleteInventoryAndMirrors/http::route_get (0.00s)
    --- PASS: TestCompleteInventoryAndMirrors/http::route_post (0.00s)
    --- PASS: TestCompleteInventoryAndMirrors/http::route_put (0.00s)
    --- PASS: TestCompleteInventoryAndMirrors/http::route_patch (0.00s)
    --- PASS: TestCompleteInventoryAndMirrors/http::route_delete (0.00s)
    --- PASS: TestCompleteInventoryAndMirrors/http::route_options (0.00s)
    --- PASS: TestCompleteInventoryAndMirrors/http::route_head (0.00s)
    --- PASS: TestCompleteInventoryAndMirrors/http::make_router (0.00s)
    --- PASS: TestCompleteInventoryAndMirrors/http::route_stream (0.00s)
    --- PASS: TestCompleteInventoryAndMirrors/http::serve_form_action (0.00s)
    --- PASS: TestCompleteInventoryAndMirrors/http::fetch_json_get (0.00s)
    --- PASS: TestCompleteInventoryAndMirrors/http::fetch_json_post (0.00s)
    --- PASS: TestCompleteInventoryAndMirrors/http::request_body_stream (0.00s)
    --- PASS: TestCompleteInventoryAndMirrors/http::make_server_config (0.00s)
    --- PASS: TestCompleteInventoryAndMirrors/http::server_start (0.00s)
    --- PASS: TestCompleteInventoryAndMirrors/http::make_tls_config (0.00s)
    --- PASS: TestCompleteInventoryAndMirrors/http::server_start_tls (0.00s)
    --- PASS: TestCompleteInventoryAndMirrors/http::server_wait (0.00s)
    --- PASS: TestCompleteInventoryAndMirrors/http::server_stop (0.00s)
    --- PASS: TestCompleteInventoryAndMirrors/sql::pool_open (0.00s)
    --- PASS: TestCompleteInventoryAndMirrors/sql::pool_close (0.00s)
    --- PASS: TestCompleteInventoryAndMirrors/sql::sqlite_open_memory (0.00s)
    --- PASS: TestCompleteInventoryAndMirrors/sql::sqlite_open_file (0.00s)
    --- PASS: TestCompleteInventoryAndMirrors/sql::mysql_open (0.00s)
    --- PASS: TestCompleteInventoryAndMirrors/sql::query_one (0.00s)
    --- PASS: TestCompleteInventoryAndMirrors/sql::query_optional (0.00s)
    --- PASS: TestCompleteInventoryAndMirrors/sql::query_rows (0.00s)
    --- PASS: TestCompleteInventoryAndMirrors/sql::execute (0.00s)
    --- PASS: TestCompleteInventoryAndMirrors/sql::transaction_query_one (0.00s)
    --- PASS: TestCompleteInventoryAndMirrors/sql::transaction_query_optional (0.00s)
    --- PASS: TestCompleteInventoryAndMirrors/sql::transaction_query_rows (0.00s)
    --- PASS: TestCompleteInventoryAndMirrors/sql::transaction_execute (0.00s)
    --- PASS: TestCompleteInventoryAndMirrors/sql::with_transaction (0.00s)
    --- PASS: TestCompleteInventoryAndMirrors/checks::require (0.00s)
    --- PASS: TestCompleteInventoryAndMirrors/files::read_bytes (0.00s)
    --- PASS: TestCompleteInventoryAndMirrors/files::read_text (0.00s)
    --- PASS: TestCompleteInventoryAndMirrors/files::write_bytes (0.00s)
    --- PASS: TestCompleteInventoryAndMirrors/files::write_text (0.00s)
    --- PASS: TestCompleteInventoryAndMirrors/files::stat (0.00s)
    --- PASS: TestCompleteInventoryAndMirrors/files::exists (0.00s)
    --- PASS: TestCompleteInventoryAndMirrors/files::list (0.00s)
    --- PASS: TestCompleteInventoryAndMirrors/files::mkdir (0.00s)
    --- PASS: TestCompleteInventoryAndMirrors/files::copy (0.00s)
    --- PASS: TestCompleteInventoryAndMirrors/files::move (0.00s)
    --- PASS: TestCompleteInventoryAndMirrors/files::remove (0.00s)
    --- PASS: TestCompleteInventoryAndMirrors/files::glob (0.00s)
    --- PASS: TestCompleteInventoryAndMirrors/path::resolve (0.00s)
    --- PASS: TestCompleteInventoryAndMirrors/path::join (0.00s)
    --- PASS: TestCompleteInventoryAndMirrors/path::basename (0.00s)
    --- PASS: TestCompleteInventoryAndMirrors/path::extension (0.00s)
    --- PASS: TestCompleteInventoryAndMirrors/process::run (0.00s)
    --- PASS: TestCompleteInventoryAndMirrors/process::require_success (0.00s)
    --- PASS: TestCompleteInventoryAndMirrors/process::which (0.00s)
    --- PASS: TestCompleteInventoryAndMirrors/stream::read_many (0.00s)
    --- PASS: TestCompleteInventoryAndMirrors/stream::write_some (0.00s)
    --- PASS: TestCompleteInventoryAndMirrors/stream::close_reader (0.00s)
    --- PASS: TestCompleteInventoryAndMirrors/stream::close_writer (0.00s)
    --- PASS: TestCompleteInventoryAndMirrors/stream::cancel_reader (0.00s)
    --- PASS: TestCompleteInventoryAndMirrors/stream::cancel_writer (0.00s)
    --- PASS: TestCompleteInventoryAndMirrors/files::read_stream (0.00s)
    --- PASS: TestCompleteInventoryAndMirrors/files::read_lines_stream (0.00s)
    --- PASS: TestCompleteInventoryAndMirrors/files::write_stream (0.00s)
    --- PASS: TestCompleteInventoryAndMirrors/url::parse (0.00s)
    --- PASS: TestCompleteInventoryAndMirrors/url::resolve (0.00s)
    --- PASS: TestCompleteInventoryAndMirrors/url::to_string (0.00s)
    --- PASS: TestCompleteInventoryAndMirrors/url::query_all (0.00s)
    --- PASS: TestCompleteInventoryAndMirrors/url::query_pairs (0.00s)
    --- PASS: TestCompleteInventoryAndMirrors/url::with_query (0.00s)
    --- PASS: TestCompleteInventoryAndMirrors/time::instant_from_epoch_millis (0.00s)
    --- PASS: TestCompleteInventoryAndMirrors/time::instant_epoch_millis (0.00s)
    --- PASS: TestCompleteInventoryAndMirrors/time::format_in_zone (0.00s)
    --- PASS: TestCompleteInventoryAndMirrors/time::resolve_zoned_time (0.00s)
    --- PASS: TestCompleteInventoryAndMirrors/ws::connect (0.00s)
    --- PASS: TestCompleteInventoryAndMirrors/ws::accept (0.00s)
    --- PASS: TestCompleteInventoryAndMirrors/ws::send_text (0.00s)
    --- PASS: TestCompleteInventoryAndMirrors/ws::send_bytes (0.00s)
    --- PASS: TestCompleteInventoryAndMirrors/ws::close (0.00s)
    --- PASS: TestCompleteInventoryAndMirrors/cookie::parse (0.00s)
    --- PASS: TestCompleteInventoryAndMirrors/cookie::get (0.00s)
    --- PASS: TestCompleteInventoryAndMirrors/cookie::make (0.00s)
    --- PASS: TestCompleteInventoryAndMirrors/cookie::serialize (0.00s)
    --- PASS: TestCompleteInventoryAndMirrors/cookie::expire (0.00s)
    --- PASS: TestCompleteInventoryAndMirrors/csrf::generate (0.00s)
    --- PASS: TestCompleteInventoryAndMirrors/csrf::verify (0.00s)
    --- PASS: TestCompleteInventoryAndMirrors/s3::client_open (0.00s)
    --- PASS: TestCompleteInventoryAndMirrors/s3::read_bytes (0.00s)
    --- PASS: TestCompleteInventoryAndMirrors/s3::read_range (0.00s)
    --- PASS: TestCompleteInventoryAndMirrors/s3::read_stream (0.00s)
    --- PASS: TestCompleteInventoryAndMirrors/s3::write_bytes (0.00s)
    --- PASS: TestCompleteInventoryAndMirrors/s3::write_stream (0.00s)
    --- PASS: TestCompleteInventoryAndMirrors/s3::stat (0.00s)
    --- PASS: TestCompleteInventoryAndMirrors/s3::exists (0.00s)
    --- PASS: TestCompleteInventoryAndMirrors/s3::delete (0.00s)
    --- PASS: TestCompleteInventoryAndMirrors/s3::list (0.00s)
    --- PASS: TestCompleteInventoryAndMirrors/s3::presign (0.00s)
    --- PASS: TestCompleteInventoryAndMirrors/s3::describe (0.00s)
    --- PASS: TestCompleteInventoryAndMirrors/s3::begin_upload (0.00s)
    --- PASS: TestCompleteInventoryAndMirrors/s3::upload_write (0.00s)
    --- PASS: TestCompleteInventoryAndMirrors/s3::upload_finish (0.00s)
    --- PASS: TestCompleteInventoryAndMirrors/s3::cancel_upload (0.00s)
    --- PASS: TestCompleteInventoryAndMirrors/codec::decode_toml (0.00s)
    --- PASS: TestCompleteInventoryAndMirrors/codec::decode_yaml (0.00s)
    --- PASS: TestCompleteInventoryAndMirrors/codec::decode_json5 (0.00s)
    --- PASS: TestCompleteInventoryAndMirrors/codec::decode_jsonl (0.00s)
    --- PASS: TestCompleteInventoryAndMirrors/codec::consume_jsonl (0.00s)
    --- PASS: TestCompleteInventoryAndMirrors/markdown::render_text_html (0.00s)
    --- PASS: TestCompleteInventoryAndMirrors/markdown::render_safe (0.00s)
    --- PASS: TestCompleteInventoryAndMirrors/browser::mount (0.00s)
    --- PASS: TestCompleteInventoryAndMirrors/browser::root (0.00s)
    --- PASS: TestCompleteInventoryAndMirrors/browser::open_view (0.00s)
    --- PASS: TestCompleteInventoryAndMirrors/browser::dispose_view (0.00s)
    --- PASS: TestCompleteInventoryAndMirrors/browser::dispose_app (0.00s)
    --- PASS: TestCompleteInventoryAndMirrors/browser::create_element (0.00s)
    --- PASS: TestCompleteInventoryAndMirrors/browser::create_text (0.00s)
    --- PASS: TestCompleteInventoryAndMirrors/browser::set_text (0.00s)
    --- PASS: TestCompleteInventoryAndMirrors/browser::set_attribute (0.00s)
    --- PASS: TestCompleteInventoryAndMirrors/browser::remove_attribute (0.00s)
    --- PASS: TestCompleteInventoryAndMirrors/browser::append_child (0.00s)
    --- PASS: TestCompleteInventoryAndMirrors/browser::remove_node (0.00s)
    --- PASS: TestCompleteInventoryAndMirrors/browser::focus (0.00s)
    --- PASS: TestCompleteInventoryAndMirrors/browser::on_event (0.00s)
    --- PASS: TestCompleteInventoryAndMirrors/browser::set_timeout (0.00s)
    --- PASS: TestCompleteInventoryAndMirrors/browser::create_state (0.00s)
    --- PASS: TestCompleteInventoryAndMirrors/browser::read_state (0.00s)
    --- PASS: TestCompleteInventoryAndMirrors/browser::replace_state (0.00s)
    --- PASS: TestCompleteInventoryAndMirrors/browser::query_parameter (0.00s)
    --- PASS: TestCompleteInventoryAndMirrors/browser::on_cancel_key (0.00s)
    --- PASS: TestCompleteInventoryAndMirrors/browser::on_cancel_event (0.00s)
    --- PASS: TestCompleteInventoryAndMirrors/action::mount (0.00s)
    --- PASS: TestCompleteInventoryAndMirrors/action::url (0.00s)
    --- PASS: TestCompleteInventoryAndMirrors/action::request (0.00s)
    --- PASS: TestCompleteInventoryAndMirrors/action::post (0.00s)
=== RUN   TestRejectMalformedInventory
=== RUN   TestRejectMalformedInventory/duplicate-error-identity
=== RUN   TestRejectMalformedInventory/duplicate-name
=== RUN   TestRejectMalformedInventory/mismatched-error-identity
=== RUN   TestRejectMalformedInventory/unknown-error-bound
=== RUN   TestRejectMalformedInventory/standard-in-domain-bound
=== RUN   TestRejectMalformedInventory/constructible-opaque
=== RUN   TestRejectMalformedInventory/opaque-fields
=== RUN   TestRejectMalformedInventory/unknown-type
=== RUN   TestRejectMalformedInventory/wrong-generic-arity
=== RUN   TestRejectMalformedInventory/void-data
=== RUN   TestRejectMalformedInventory/protocol-registration
=== RUN   TestRejectMalformedInventory/missing-native-recipe
=== RUN   TestRejectMalformedInventory/dropped-callback-errors
--- PASS: TestRejectMalformedInventory (0.11s)
    --- PASS: TestRejectMalformedInventory/duplicate-error-identity (0.00s)
    --- PASS: TestRejectMalformedInventory/duplicate-name (0.00s)
    --- PASS: TestRejectMalformedInventory/mismatched-error-identity (0.00s)
    --- PASS: TestRejectMalformedInventory/unknown-error-bound (0.01s)
    --- PASS: TestRejectMalformedInventory/standard-in-domain-bound (0.01s)
    --- PASS: TestRejectMalformedInventory/constructible-opaque (0.01s)
    --- PASS: TestRejectMalformedInventory/opaque-fields (0.01s)
    --- PASS: TestRejectMalformedInventory/unknown-type (0.01s)
    --- PASS: TestRejectMalformedInventory/wrong-generic-arity (0.01s)
    --- PASS: TestRejectMalformedInventory/void-data (0.01s)
    --- PASS: TestRejectMalformedInventory/protocol-registration (0.01s)
    --- PASS: TestRejectMalformedInventory/missing-native-recipe (0.01s)
    --- PASS: TestRejectMalformedInventory/dropped-callback-errors (0.01s)
=== RUN   TestClosedLookupAndOpacity
--- PASS: TestClosedLookupAndOpacity (0.00s)
=== RUN   TestCallbackAndStaticBounds
--- PASS: TestCallbackAndStaticBounds (0.00s)
=== RUN   TestNativeModeBounds
--- PASS: TestNativeModeBounds (0.00s)
=== RUN   TestGenericConstraints
--- PASS: TestGenericConstraints (0.00s)
=== RUN   TestGenerationDetectsDrift
--- PASS: TestGenerationDetectsDrift (0.03s)
=== RUN   TestCallbackUnionRejectsConflictingKinds
--- PASS: TestCallbackUnionRejectsConflictingKinds (0.00s)
=== RUN   TestRequestFailedContract
--- PASS: TestRequestFailedContract (0.00s)
=== RUN   TestChecksRequireContract
--- PASS: TestChecksRequireContract (0.00s)
=== RUN   TestPackagedCatalogueBoundary
    integration_test.go:74: packaged Bun 1.4.2; native network denied; 9 runtime checks; error can.std.codec@1::invalid_data, nominal identity, payload and occurrence retained; source fb6b6b45a1430d3dea8a39d19bd85fc2914eaefc185f8da81c5f48fc85c340ea
--- PASS: TestPackagedCatalogueBoundary (5.32s)
=== RUN   TestCatalogueInclusionInventory
    integration_test.go:245: 288 operations across 37 packages resolve to 32 evidenced tasks
--- PASS: TestCatalogueInclusionInventory (0.01s)
PASS
ok  	github.com/veighnsche/can-lang/compiler/internal/catalogue	5.790s
?   	github.com/veighnsche/can-lang/compiler/internal/catalogue/cmd/cataloguegen	[no test files]
=== RUN   TestActionBindingsMountAndClient
--- PASS: TestActionBindingsMountAndClient (0.81s)
=== RUN   TestActionBindingsDerivedContracts
--- PASS: TestActionBindingsDerivedContracts (0.64s)
=== RUN   TestActionBindingsRejects
=== RUN   TestActionBindingsRejects/renamed_action
=== RUN   TestActionBindingsRejects/generic_handler
=== RUN   TestActionBindingsRejects/variadic_handler
=== RUN   TestActionBindingsRejects/missing_renderer_pair
=== RUN   TestActionBindingsRejects/post_without_body
=== RUN   TestActionBindingsRejects/url_with_extra_operand
=== RUN   TestActionBindingsRejects/url_with_mistyped_captures
=== RUN   TestActionBindingsRejects/computed_request_name
=== RUN   TestActionBindingsRejects/wrong_captures_record
=== RUN   TestActionBindingsRejects/fallible_renderer
=== RUN   TestActionBindingsRejects/mistyped_pool_capture
=== RUN   TestActionBindingsRejects/request_on_JSON_POST
=== RUN   TestActionBindingsRejects/request_on_HTML_POST
=== RUN   TestActionBindingsRejects/renamed_capture_field
=== RUN   TestActionBindingsRejects/renamed_form_field
=== RUN   TestActionBindingsRejects/swapped_request_input
=== RUN   TestActionBindingsRejects/fallible_handler
=== RUN   TestActionBindingsRejects/swapped_renderers
=== RUN   TestActionBindingsRejects/missing_pool_capture
=== RUN   TestActionBindingsRejects/post_on_GET
=== RUN   TestActionBindingsRejects/mount_with_type_arguments
=== RUN   TestActionBindingsRejects/string_mount_name
=== RUN   TestActionBindingsRejects/missing_request_input
=== RUN   TestActionBindingsRejects/wrong_handler_result
=== RUN   TestActionBindingsRejects/bare_handler_name
=== RUN   TestActionBindingsRejects/body_on_GET_request
=== RUN   TestActionBindingsRejects/post_on_HTML
=== RUN   TestActionBindingsRejects/unknown_mount_action
--- PASS: TestActionBindingsRejects (15.12s)
    --- PASS: TestActionBindingsRejects/renamed_action (0.50s)
    --- PASS: TestActionBindingsRejects/generic_handler (0.65s)
    --- PASS: TestActionBindingsRejects/variadic_handler (0.66s)
    --- PASS: TestActionBindingsRejects/missing_renderer_pair (0.68s)
    --- PASS: TestActionBindingsRejects/post_without_body (0.54s)
    --- PASS: TestActionBindingsRejects/url_with_extra_operand (0.54s)
    --- PASS: TestActionBindingsRejects/url_with_mistyped_captures (0.53s)
    --- PASS: TestActionBindingsRejects/computed_request_name (0.50s)
    --- PASS: TestActionBindingsRejects/wrong_captures_record (0.66s)
    --- PASS: TestActionBindingsRejects/fallible_renderer (0.67s)
    --- PASS: TestActionBindingsRejects/mistyped_pool_capture (0.65s)
    --- PASS: TestActionBindingsRejects/request_on_JSON_POST (0.52s)
    --- PASS: TestActionBindingsRejects/request_on_HTML_POST (0.54s)
    --- PASS: TestActionBindingsRejects/renamed_capture_field (0.45s)
    --- PASS: TestActionBindingsRejects/renamed_form_field (0.59s)
    --- PASS: TestActionBindingsRejects/swapped_request_input (0.56s)
    --- PASS: TestActionBindingsRejects/fallible_handler (0.55s)
    --- PASS: TestActionBindingsRejects/swapped_renderers (0.52s)
    --- PASS: TestActionBindingsRejects/missing_pool_capture (0.50s)
    --- PASS: TestActionBindingsRejects/post_on_GET (0.40s)
    --- PASS: TestActionBindingsRejects/mount_with_type_arguments (0.50s)
    --- PASS: TestActionBindingsRejects/string_mount_name (0.52s)
    --- PASS: TestActionBindingsRejects/missing_request_input (0.51s)
    --- PASS: TestActionBindingsRejects/wrong_handler_result (0.51s)
    --- PASS: TestActionBindingsRejects/bare_handler_name (0.52s)
    --- PASS: TestActionBindingsRejects/body_on_GET_request (0.41s)
    --- PASS: TestActionBindingsRejects/post_on_HTML (0.41s)
    --- PASS: TestActionBindingsRejects/unknown_mount_action (0.51s)
=== RUN   TestActionBindingsRejectCallableReference
--- PASS: TestActionBindingsRejectCallableReference (0.54s)
=== RUN   TestActionBindingsNoCapture
--- PASS: TestActionBindingsNoCapture (0.45s)
=== RUN   TestActionBindingsBodyModeSwitch
--- PASS: TestActionBindingsBodyModeSwitch (0.79s)
=== RUN   TestFetchJSONClientsResolve
--- PASS: TestFetchJSONClientsResolve (0.40s)
=== RUN   TestFetchJSONFailureBound
--- PASS: TestFetchJSONFailureBound (0.40s)
=== RUN   TestFetchJSONCrossPackageName
--- PASS: TestFetchJSONCrossPackageName (0.42s)
=== RUN   TestFetchJSONRejects
=== RUN   TestFetchJSONRejects/unknown_action
=== RUN   TestFetchJSONRejects/renamed_action_diagnoses_the_fetch
=== RUN   TestFetchJSONRejects/get_rejects_a_post_action
=== RUN   TestFetchJSONRejects/post_rejects_a_get_action
=== RUN   TestFetchJSONRejects/result_agreement
=== RUN   TestFetchJSONRejects/wire_agreement
=== RUN   TestFetchJSONRejects/non-literal_name
=== RUN   TestFetchJSONRejects/capture_arity
=== RUN   TestFetchJSONRejects/get_carries_no_body_slot
=== RUN   TestFetchJSONRejects/post_needs_its_body
=== RUN   TestFetchJSONRejects/capture_type
=== RUN   TestFetchJSONRejects/unknown_package
=== RUN   TestFetchJSONRejects/missing_type_arguments
--- PASS: TestFetchJSONRejects (5.92s)
    --- PASS: TestFetchJSONRejects/unknown_action (0.42s)
    --- PASS: TestFetchJSONRejects/renamed_action_diagnoses_the_fetch (0.46s)
    --- PASS: TestFetchJSONRejects/get_rejects_a_post_action (0.48s)
    --- PASS: TestFetchJSONRejects/post_rejects_a_get_action (0.45s)
    --- PASS: TestFetchJSONRejects/result_agreement (0.40s)
    --- PASS: TestFetchJSONRejects/wire_agreement (0.42s)
    --- PASS: TestFetchJSONRejects/non-literal_name (0.41s)
    --- PASS: TestFetchJSONRejects/capture_arity (0.41s)
    --- PASS: TestFetchJSONRejects/get_carries_no_body_slot (0.44s)
    --- PASS: TestFetchJSONRejects/post_needs_its_body (0.83s)
    --- PASS: TestFetchJSONRejects/capture_type (0.74s)
    --- PASS: TestFetchJSONRejects/unknown_package (0.46s)
    --- PASS: TestFetchJSONRejects/missing_type_arguments (0.02s)
=== RUN   TestFetchJSONPostRejectsFormAction
--- PASS: TestFetchJSONPostRejectsFormAction (0.42s)
=== RUN   TestActionContractSelectedMetadata
--- PASS: TestActionContractSelectedMetadata (0.41s)
=== RUN   TestActionContractSharedExports
--- PASS: TestActionContractSharedExports (0.40s)
=== RUN   TestActionContractRejects
=== RUN   TestActionContractRejects/missing_rows_limit
=== RUN   TestActionContractRejects/form_answered_json
=== RUN   TestActionContractRejects/missing_swap
=== RUN   TestActionContractRejects/missing_case
=== RUN   TestActionContractRejects/zero_limit
=== RUN   TestActionContractRejects/swap_on_json
=== RUN   TestActionContractRejects/legacy_braces
=== RUN   TestActionContractRejects/renamed_capture_field
=== RUN   TestActionContractRejects/extra_capture_field
=== RUN   TestActionContractRejects/optional_capture_field
--- PASS: TestActionContractRejects (3.84s)
    --- PASS: TestActionContractRejects/missing_rows_limit (0.40s)
    --- PASS: TestActionContractRejects/form_answered_json (0.39s)
    --- PASS: TestActionContractRejects/missing_swap (0.37s)
    --- PASS: TestActionContractRejects/missing_case (0.35s)
    --- PASS: TestActionContractRejects/zero_limit (0.39s)
    --- PASS: TestActionContractRejects/swap_on_json (0.45s)
    --- PASS: TestActionContractRejects/legacy_braces (0.38s)
    --- PASS: TestActionContractRejects/renamed_capture_field (0.36s)
    --- PASS: TestActionContractRejects/extra_capture_field (0.37s)
    --- PASS: TestActionContractRejects/optional_capture_field (0.37s)
=== RUN   TestActionContractOldSyntaxSpans
--- PASS: TestActionContractOldSyntaxSpans (0.00s)
=== RUN   TestActionJSONModesCheckResponseSchemas
--- PASS: TestActionJSONModesCheckResponseSchemas (0.36s)
=== RUN   TestActionJSONRejects
=== RUN   TestActionJSONRejects/nested_owner_in_json_body
=== RUN   TestActionJSONRejects/owner_leaf_in_post_result
=== RUN   TestActionJSONRejects/owner_leaf_in_get_result
=== RUN   TestActionJSONRejects/opaque_leaf_in_post_result
=== RUN   TestActionJSONRejects/html_leaf_never_renders_as_json
=== RUN   TestActionJSONRejects/opaque_leaf_in_get_result
--- PASS: TestActionJSONRejects (2.27s)
    --- PASS: TestActionJSONRejects/nested_owner_in_json_body (0.35s)
    --- PASS: TestActionJSONRejects/owner_leaf_in_post_result (0.37s)
    --- PASS: TestActionJSONRejects/owner_leaf_in_get_result (0.37s)
    --- PASS: TestActionJSONRejects/opaque_leaf_in_post_result (0.38s)
    --- PASS: TestActionJSONRejects/html_leaf_never_renders_as_json (0.38s)
    --- PASS: TestActionJSONRejects/opaque_leaf_in_get_result (0.42s)
=== RUN   TestActionFormResultSkipsJSONResponseGate
--- PASS: TestActionFormResultSkipsJSONResponseGate (0.49s)
=== RUN   TestActionJSONRouteBodyLeafChanges
--- PASS: TestActionJSONRouteBodyLeafChanges (0.78s)
=== RUN   TestActionJSONResponseDiagnosticSpan
--- PASS: TestActionJSONResponseDiagnosticSpan (0.37s)
=== RUN   TestActionPostSaveChecks
--- PASS: TestActionPostSaveChecks (0.38s)
=== RUN   TestActionGetLoadChecks
--- PASS: TestActionGetLoadChecks (0.37s)
=== RUN   TestActionFormInputChecks
--- PASS: TestActionFormInputChecks (0.36s)
=== RUN   TestActionGetPostSharePath
--- PASS: TestActionGetPostSharePath (0.48s)
=== RUN   TestActionStaticCaptureOverlapAllowed
--- PASS: TestActionStaticCaptureOverlapAllowed (0.43s)
=== RUN   TestActionCrossPackageContract
--- PASS: TestActionCrossPackageContract (0.44s)
=== RUN   TestActionWireFieldRenameRebuilds
--- PASS: TestActionWireFieldRenameRebuilds (0.46s)
=== RUN   TestActionRejects
=== RUN   TestActionRejects/capture_without_field
=== RUN   TestActionRejects/input_not_a_record
=== RUN   TestActionRejects/returns_not_a_variant
=== RUN   TestActionRejects/invalid_capture_name
=== RUN   TestActionRejects/capture_without_record
=== RUN   TestActionRejects/field_without_capture
=== RUN   TestActionRejects/unknown_case_leaf
=== RUN   TestActionRejects/partial_capture
=== RUN   TestActionRejects/duplicate_path_capture
=== RUN   TestActionRejects/json_input_html_body
=== RUN   TestActionRejects/swap_on_json
=== RUN   TestActionRejects/encoded_static_duplicate
=== RUN   TestActionRejects/path_without_slash
=== RUN   TestActionRejects/empty_capture
=== RUN   TestActionRejects/get_html_body
=== RUN   TestActionRejects/ambiguous_capture_overlap
=== RUN   TestActionRejects/legacy_braces
=== RUN   TestActionRejects/duplicate_case
=== RUN   TestActionRejects/status_too_high
=== RUN   TestActionRejects/action_collides_with_function
=== RUN   TestActionRejects/double_slash
=== RUN   TestActionRejects/missing_case
=== RUN   TestActionRejects/status_too_low
=== RUN   TestActionRejects/duplicate_capture_shape
=== RUN   TestActionRejects/reserved_prefix
=== RUN   TestActionRejects/captures_not_a_record
=== RUN   TestActionRejects/input_unknown_type
=== RUN   TestActionRejects/bodiless_status
=== RUN   TestActionRejects/duplicate_action_name
=== RUN   TestActionRejects/non-scalar_capture
=== RUN   TestActionRejects/limit_zero
=== RUN   TestActionRejects/foreign_case_leaf
=== RUN   TestActionRejects/duplicate_route
=== RUN   TestActionRejects/record_without_capture
--- PASS: TestActionRejects (11.40s)
    --- PASS: TestActionRejects/capture_without_field (0.42s)
    --- PASS: TestActionRejects/input_not_a_record (0.42s)
    --- PASS: TestActionRejects/returns_not_a_variant (0.45s)
    --- PASS: TestActionRejects/invalid_capture_name (0.48s)
    --- PASS: TestActionRejects/capture_without_record (0.50s)
    --- PASS: TestActionRejects/field_without_capture (0.43s)
    --- PASS: TestActionRejects/unknown_case_leaf (0.00s)
    --- PASS: TestActionRejects/partial_capture (0.43s)
    --- PASS: TestActionRejects/duplicate_path_capture (0.43s)
    --- PASS: TestActionRejects/json_input_html_body (0.44s)
    --- PASS: TestActionRejects/swap_on_json (0.38s)
    --- PASS: TestActionRejects/encoded_static_duplicate (0.40s)
    --- PASS: TestActionRejects/path_without_slash (0.40s)
    --- PASS: TestActionRejects/empty_capture (0.36s)
    --- PASS: TestActionRejects/get_html_body (0.33s)
    --- PASS: TestActionRejects/ambiguous_capture_overlap (0.32s)
    --- PASS: TestActionRejects/legacy_braces (0.32s)
    --- PASS: TestActionRejects/duplicate_case (0.32s)
    --- PASS: TestActionRejects/status_too_high (0.33s)
    --- PASS: TestActionRejects/action_collides_with_function (0.00s)
    --- PASS: TestActionRejects/double_slash (0.35s)
    --- PASS: TestActionRejects/missing_case (0.32s)
    --- PASS: TestActionRejects/status_too_low (0.32s)
    --- PASS: TestActionRejects/duplicate_capture_shape (0.32s)
    --- PASS: TestActionRejects/reserved_prefix (0.34s)
    --- PASS: TestActionRejects/captures_not_a_record (0.39s)
    --- PASS: TestActionRejects/input_unknown_type (0.00s)
    --- PASS: TestActionRejects/bodiless_status (0.38s)
    --- PASS: TestActionRejects/duplicate_action_name (0.00s)
    --- PASS: TestActionRejects/non-scalar_capture (0.40s)
    --- PASS: TestActionRejects/limit_zero (0.36s)
    --- PASS: TestActionRejects/foreign_case_leaf (0.34s)
    --- PASS: TestActionRejects/duplicate_route (0.35s)
    --- PASS: TestActionRejects/record_without_capture (0.34s)
=== RUN   TestActionResultLeafRenameDiagnoses
--- PASS: TestActionResultLeafRenameDiagnoses (0.00s)
=== RUN   TestActionDiagnosticSpans
--- PASS: TestActionDiagnosticSpans (0.68s)
=== RUN   TestActionFormRowsLimitChecks
=== RUN   TestActionFormRowsLimitChecks/missing_rows_limit
=== RUN   TestActionFormRowsLimitChecks/rows_limit_range
=== RUN   TestActionFormRowsLimitChecks/rows_limit_zero
=== RUN   TestActionFormRowsLimitChecks/rows_limit_without_rows
=== RUN   TestActionFormRowsLimitChecks/form_input_json_body
=== RUN   TestActionFormRowsLimitChecks/missing_swap
--- PASS: TestActionFormRowsLimitChecks (2.65s)
    --- PASS: TestActionFormRowsLimitChecks/missing_rows_limit (0.38s)
    --- PASS: TestActionFormRowsLimitChecks/rows_limit_range (0.34s)
    --- PASS: TestActionFormRowsLimitChecks/rows_limit_zero (0.39s)
    --- PASS: TestActionFormRowsLimitChecks/rows_limit_without_rows (0.39s)
    --- PASS: TestActionFormRowsLimitChecks/form_input_json_body (0.39s)
    --- PASS: TestActionFormRowsLimitChecks/missing_swap (0.41s)
=== RUN   TestActionOwnerInputRejected
--- PASS: TestActionOwnerInputRejected (0.39s)
=== RUN   TestArrayCatalogueCalls
--- PASS: TestArrayCatalogueCalls (1.16s)
=== RUN   TestArrayCatalogueRejectsWrongCallbacks
=== RUN   TestArrayCatalogueRejectsWrongCallbacks/items.filter(callable_twice)
=== RUN   TestArrayCatalogueRejectsWrongCallbacks/items.map(callable_observe)
=== RUN   TestArrayCatalogueRejectsWrongCallbacks/items.for_each(callable_twice)
=== RUN   TestArrayCatalogueRejectsWrongCallbacks/items.fold(10,_callable_selected)
=== RUN   TestArrayCatalogueRejectsWrongCallbacks/items.map(1)
=== RUN   TestArrayCatalogueRejectsWrongCallbacks/.concat([true])
=== RUN   TestArrayCatalogueRejectsWrongCallbacks/items.sort_by(callable_observe)
=== RUN   TestArrayCatalogueRejectsWrongCallbacks/items.map(callable_selected)
--- PASS: TestArrayCatalogueRejectsWrongCallbacks (3.20s)
    --- PASS: TestArrayCatalogueRejectsWrongCallbacks/items.filter(callable_twice) (0.42s)
    --- PASS: TestArrayCatalogueRejectsWrongCallbacks/items.map(callable_observe) (0.39s)
    --- PASS: TestArrayCatalogueRejectsWrongCallbacks/items.for_each(callable_twice) (0.42s)
    --- PASS: TestArrayCatalogueRejectsWrongCallbacks/items.fold(10,_callable_selected) (0.38s)
    --- PASS: TestArrayCatalogueRejectsWrongCallbacks/items.map(1) (0.36s)
    --- PASS: TestArrayCatalogueRejectsWrongCallbacks/.concat([true]) (0.44s)
    --- PASS: TestArrayCatalogueRejectsWrongCallbacks/items.sort_by(callable_observe) (0.43s)
    --- PASS: TestArrayCatalogueRejectsWrongCallbacks/items.map(callable_selected) (0.36s)
=== RUN   TestArrayCatalogueRejectsLostErrorBound
--- PASS: TestArrayCatalogueRejectsLostErrorBound (0.79s)
=== RUN   TestArrayInferenceAndSpreadRejections
--- PASS: TestArrayInferenceAndSpreadRejections (3.40s)
=== RUN   TestEmptyArrayGenericInferenceDoesNotGuess
=== RUN   TestEmptyArrayGenericInferenceDoesNotGuess/near_conflict
=== RUN   TestEmptyArrayGenericInferenceDoesNotGuess/unconstrained_input
--- PASS: TestEmptyArrayGenericInferenceDoesNotGuess (1.25s)
    --- PASS: TestEmptyArrayGenericInferenceDoesNotGuess/near_conflict (0.63s)
    --- PASS: TestEmptyArrayGenericInferenceDoesNotGuess/unconstrained_input (0.61s)
=== RUN   TestMandatoryAssertionsAreTyped
=== RUN   TestMandatoryAssertionsAreTyped/wrong_input
=== RUN   TestMandatoryAssertionsAreTyped/missing_input
=== RUN   TestMandatoryAssertionsAreTyped/wrong_expected
=== RUN   TestMandatoryAssertionsAreTyped/missing_expected_value
=== RUN   TestMandatoryAssertionsAreTyped/duplicate_name
--- PASS: TestMandatoryAssertionsAreTyped (1.88s)
    --- PASS: TestMandatoryAssertionsAreTyped/wrong_input (0.35s)
    --- PASS: TestMandatoryAssertionsAreTyped/missing_input (0.35s)
    --- PASS: TestMandatoryAssertionsAreTyped/wrong_expected (0.42s)
    --- PASS: TestMandatoryAssertionsAreTyped/missing_expected_value (0.38s)
    --- PASS: TestMandatoryAssertionsAreTyped/duplicate_name (0.02s)
=== RUN   TestSuppliedCompletionsAreCheckedBeforeExecution
--- PASS: TestSuppliedCompletionsAreCheckedBeforeExecution (1.95s)
=== RUN   TestNativeSliceFixturesUseCheckedInvocationContract
--- PASS: TestNativeSliceFixturesUseCheckedInvocationContract (1.70s)
=== RUN   TestUsingRawOnOrdinaryFunctionsRejected
--- PASS: TestUsingRawOnOrdinaryFunctionsRejected (0.67s)
=== RUN   TestAssetURLResolvesCallerManifestOnly
--- PASS: TestAssetURLResolvesCallerManifestOnly (0.95s)
=== RUN   TestAssetPageProgram
--- PASS: TestAssetPageProgram (0.68s)
=== RUN   TestBrowserElisionAdmitsHandleInputs
--- PASS: TestBrowserElisionAdmitsHandleInputs (0.38s)
=== RUN   TestBrowserElisionRefusesNonScopeOpaque
--- PASS: TestBrowserElisionRefusesNonScopeOpaque (0.34s)
=== RUN   TestBrowserElisionRecordStaysSupplied
--- PASS: TestBrowserElisionRecordStaysSupplied (0.02s)
=== RUN   TestBrowserQueryParameterAdmitsSelectedShape
--- PASS: TestBrowserQueryParameterAdmitsSelectedShape (0.32s)
=== RUN   TestBrowserQueryParameterRefusals
=== RUN   TestBrowserQueryParameterRefusals/uppercase_key
=== RUN   TestBrowserQueryParameterRefusals/empty_key
=== RUN   TestBrowserQueryParameterRefusals/digit_start
=== RUN   TestBrowserQueryParameterRefusals/dash_key
=== RUN   TestBrowserQueryParameterRefusals/space_key
=== RUN   TestBrowserQueryParameterRefusals/dynamic_key
=== RUN   TestBrowserQueryParameterRefusals/missing_invalid_arm
--- PASS: TestBrowserQueryParameterRefusals (2.49s)
    --- PASS: TestBrowserQueryParameterRefusals/uppercase_key (0.34s)
    --- PASS: TestBrowserQueryParameterRefusals/empty_key (0.35s)
    --- PASS: TestBrowserQueryParameterRefusals/digit_start (0.31s)
    --- PASS: TestBrowserQueryParameterRefusals/dash_key (0.31s)
    --- PASS: TestBrowserQueryParameterRefusals/space_key (0.30s)
    --- PASS: TestBrowserQueryParameterRefusals/dynamic_key (0.30s)
    --- PASS: TestBrowserQueryParameterRefusals/missing_invalid_arm (0.30s)
=== RUN   TestBrowserCancelAdmitsSelectedShapes
--- PASS: TestBrowserCancelAdmitsSelectedShapes (0.28s)
=== RUN   TestBrowserCancelRefusals
=== RUN   TestBrowserCancelRefusals/click_cancel_key
=== RUN   TestBrowserCancelRefusals/empty_cancel_key
=== RUN   TestBrowserCancelRefusals/call_result_cancel_callback
=== RUN   TestBrowserCancelRefusals/click_cancel_event
=== RUN   TestBrowserCancelRefusals/keydown_cancel_event
--- PASS: TestBrowserCancelRefusals (1.63s)
    --- PASS: TestBrowserCancelRefusals/click_cancel_key (0.29s)
    --- PASS: TestBrowserCancelRefusals/empty_cancel_key (0.29s)
    --- PASS: TestBrowserCancelRefusals/call_result_cancel_callback (0.31s)
    --- PASS: TestBrowserCancelRefusals/click_cancel_event (0.36s)
    --- PASS: TestBrowserCancelRefusals/keydown_cancel_event (0.39s)
=== RUN   TestBrowserTargetAcceptsZeroArgMain
--- PASS: TestBrowserTargetAcceptsZeroArgMain (0.36s)
=== RUN   TestBrowserTargetRejectsBunMain
--- PASS: TestBrowserTargetRejectsBunMain (0.02s)
=== RUN   TestBunTargetRejectsZeroArgMain
--- PASS: TestBunTargetRejectsZeroArgMain (0.02s)
=== RUN   TestBrowserTargetRejectsEmittingMain
--- PASS: TestBrowserTargetRejectsEmittingMain (0.02s)
=== RUN   TestBrowserTargetRequiresEntry
--- PASS: TestBrowserTargetRequiresEntry (0.02s)
=== RUN   TestAssertionStagingAcceptsEitherEntryShape
--- PASS: TestAssertionStagingAcceptsEitherEntryShape (0.81s)
=== RUN   TestAssertionStagingRejectsMalformedMain
--- PASS: TestAssertionStagingRejectsMalformedMain (0.04s)
=== RUN   TestCheckProgramForTargetRejectsUnknown
--- PASS: TestCheckProgramForTargetRejectsUnknown (0.00s)
=== RUN   TestBrowserSurfaceAdmitsFullCatalogue
--- PASS: TestBrowserSurfaceAdmitsFullCatalogue (0.48s)
=== RUN   TestBrowserStaticAdmissionRefusals
=== RUN   TestBrowserStaticAdmissionRefusals/script_tag
=== RUN   TestBrowserStaticAdmissionRefusals/style_tag
=== RUN   TestBrowserStaticAdmissionRefusals/unknown_tag
=== RUN   TestBrowserStaticAdmissionRefusals/empty_tag
=== RUN   TestBrowserStaticAdmissionRefusals/handler_attribute
=== RUN   TestBrowserStaticAdmissionRefusals/style_attribute
=== RUN   TestBrowserStaticAdmissionRefusals/remove_handler_attribute
=== RUN   TestBrowserStaticAdmissionRefusals/javascript_url
=== RUN   TestBrowserStaticAdmissionRefusals/protocol_relative_url
=== RUN   TestBrowserStaticAdmissionRefusals/plain_http_url
=== RUN   TestBrowserStaticAdmissionRefusals/unknown_event
=== RUN   TestBrowserStaticAdmissionRefusals/call_result_callback
=== RUN   TestBrowserStaticAdmissionRefusals/timer_result_callback
=== RUN   TestBrowserStaticAdmissionRefusals/negative_delay
=== RUN   TestBrowserStaticAdmissionRefusals/huge_delay
=== RUN   TestBrowserStaticAdmissionRefusals/forged_handles
=== RUN   TestBrowserStaticAdmissionRefusals/unknown_operation
=== RUN   TestBrowserStaticAdmissionRefusals/fallible_handler
=== RUN   TestBrowserStaticAdmissionRefusals/replace_mistyped_value
=== RUN   TestBrowserStaticAdmissionRefusals/cross_spec_snapshot
=== RUN   TestBrowserStaticAdmissionRefusals/unhandled_missing_root
--- PASS: TestBrowserStaticAdmissionRefusals (7.19s)
    --- PASS: TestBrowserStaticAdmissionRefusals/script_tag (0.40s)
    --- PASS: TestBrowserStaticAdmissionRefusals/style_tag (0.36s)
    --- PASS: TestBrowserStaticAdmissionRefusals/unknown_tag (0.39s)
    --- PASS: TestBrowserStaticAdmissionRefusals/empty_tag (0.35s)
    --- PASS: TestBrowserStaticAdmissionRefusals/handler_attribute (0.40s)
    --- PASS: TestBrowserStaticAdmissionRefusals/style_attribute (0.40s)
    --- PASS: TestBrowserStaticAdmissionRefusals/remove_handler_attribute (0.34s)
    --- PASS: TestBrowserStaticAdmissionRefusals/javascript_url (0.29s)
    --- PASS: TestBrowserStaticAdmissionRefusals/protocol_relative_url (0.29s)
    --- PASS: TestBrowserStaticAdmissionRefusals/plain_http_url (0.28s)
    --- PASS: TestBrowserStaticAdmissionRefusals/unknown_event (0.28s)
    --- PASS: TestBrowserStaticAdmissionRefusals/call_result_callback (0.28s)
    --- PASS: TestBrowserStaticAdmissionRefusals/timer_result_callback (0.28s)
    --- PASS: TestBrowserStaticAdmissionRefusals/negative_delay (0.28s)
    --- PASS: TestBrowserStaticAdmissionRefusals/huge_delay (0.29s)
    --- PASS: TestBrowserStaticAdmissionRefusals/forged_handles (0.02s)
    --- PASS: TestBrowserStaticAdmissionRefusals/unknown_operation (0.41s)
    --- PASS: TestBrowserStaticAdmissionRefusals/fallible_handler (0.40s)
    --- PASS: TestBrowserStaticAdmissionRefusals/replace_mistyped_value (0.36s)
    --- PASS: TestBrowserStaticAdmissionRefusals/cross_spec_snapshot (0.34s)
    --- PASS: TestBrowserStaticAdmissionRefusals/unhandled_missing_root (0.33s)
=== RUN   TestBrowserDiagnosticSpans
=== RUN   TestBrowserDiagnosticSpans/tag
=== RUN   TestBrowserDiagnosticSpans/attribute
=== RUN   TestBrowserDiagnosticSpans/event
=== RUN   TestBrowserDiagnosticSpans/url
=== RUN   TestBrowserDiagnosticSpans/delay
--- PASS: TestBrowserDiagnosticSpans (1.61s)
    --- PASS: TestBrowserDiagnosticSpans/tag (0.32s)
    --- PASS: TestBrowserDiagnosticSpans/attribute (0.32s)
    --- PASS: TestBrowserDiagnosticSpans/event (0.34s)
    --- PASS: TestBrowserDiagnosticSpans/url (0.32s)
    --- PASS: TestBrowserDiagnosticSpans/delay (0.32s)
=== RUN   TestBrowserAdmissionCorpusMatchesRuntime
--- PASS: TestBrowserAdmissionCorpusMatchesRuntime (0.00s)
=== RUN   TestBytesCatalogueAdmission
=== RUN   TestBytesCatalogueAdmission/opaque_constructor
=== RUN   TestBytesCatalogueAdmission/opaque_indexing
=== RUN   TestBytesCatalogueAdmission/length_is_projection
=== RUN   TestBytesCatalogueAdmission/wrong_octet_type
=== RUN   TestBytesCatalogueAdmission/wrong_decode_input
=== RUN   TestBytesCatalogueAdmission/error_bound
--- PASS: TestBytesCatalogueAdmission (1.97s)
    --- PASS: TestBytesCatalogueAdmission/opaque_constructor (0.02s)
    --- PASS: TestBytesCatalogueAdmission/opaque_indexing (0.36s)
    --- PASS: TestBytesCatalogueAdmission/length_is_projection (0.35s)
    --- PASS: TestBytesCatalogueAdmission/wrong_octet_type (0.30s)
    --- PASS: TestBytesCatalogueAdmission/wrong_decode_input (0.29s)
    --- PASS: TestBytesCatalogueAdmission/error_bound (0.30s)
=== RUN   TestCheckedCallableCapturesAndDynamicCallees
--- PASS: TestCheckedCallableCapturesAndDynamicCallees (0.36s)
=== RUN   TestCallableReferenceRefusals
=== RUN   TestCallableReferenceRefusals/missing_capture
=== RUN   TestCallableReferenceRefusals/wrong_capture_type
=== RUN   TestCallableReferenceRefusals/wrong_input
=== RUN   TestCallableReferenceRefusals/wrong_result
=== RUN   TestCallableReferenceRefusals/static_method_reference
=== RUN   TestCallableReferenceRefusals/direct_near_omitted
--- PASS: TestCallableReferenceRefusals (1.89s)
    --- PASS: TestCallableReferenceRefusals/missing_capture (0.34s)
    --- PASS: TestCallableReferenceRefusals/wrong_capture_type (0.30s)
    --- PASS: TestCallableReferenceRefusals/wrong_input (0.29s)
    --- PASS: TestCallableReferenceRefusals/wrong_result (0.30s)
    --- PASS: TestCallableReferenceRefusals/static_method_reference (0.33s)
    --- PASS: TestCallableReferenceRefusals/direct_near_omitted (0.33s)
=== RUN   TestNativeDeclarationReferenceEligibility
--- PASS: TestNativeDeclarationReferenceEligibility (0.31s)
=== RUN   TestCallableErrorBoundsAndExactCaptureTypes
--- PASS: TestCallableErrorBoundsAndExactCaptureTypes (0.58s)
=== RUN   TestCaptureObligation
--- PASS: TestCaptureObligation (0.61s)
=== RUN   TestChecksCatalogue
--- PASS: TestChecksCatalogue (0.35s)
=== RUN   TestChecksRejects
=== RUN   TestChecksRejects/missing_bound
=== RUN   TestChecksRejects/missing_failure_arm
=== RUN   TestChecksRejects/unknown_operation
=== RUN   TestChecksRejects/wrong_condition_type
=== RUN   TestChecksRejects/wrong_reason_type
=== RUN   TestChecksRejects/wrong_arity
=== RUN   TestChecksRejects/missing_domain_arm_with_std_catch
=== RUN   TestChecksRejects/unchecked_errorful
=== RUN   TestChecksRejects/literal-true_keeps_bound
=== RUN   TestChecksRejects/manufactured_std_expectation
--- PASS: TestChecksRejects (3.05s)
    --- PASS: TestChecksRejects/missing_bound (0.32s)
    --- PASS: TestChecksRejects/missing_failure_arm (0.31s)
    --- PASS: TestChecksRejects/unknown_operation (0.33s)
    --- PASS: TestChecksRejects/wrong_condition_type (0.33s)
    --- PASS: TestChecksRejects/wrong_reason_type (0.43s)
    --- PASS: TestChecksRejects/wrong_arity (0.38s)
    --- PASS: TestChecksRejects/missing_domain_arm_with_std_catch (0.34s)
    --- PASS: TestChecksRejects/unchecked_errorful (0.30s)
    --- PASS: TestChecksRejects/literal-true_keeps_bound (0.29s)
    --- PASS: TestChecksRejects/manufactured_std_expectation (0.01s)
=== RUN   TestChecksArgumentBoundary
--- PASS: TestChecksArgumentBoundary (0.64s)
=== RUN   TestChecksRejectsNumberedRedeclaration
--- PASS: TestChecksRejectsNumberedRedeclaration (0.00s)
=== RUN   TestCodecFormatSpecializations
=== RUN   TestCodecFormatSpecializations/opaque
=== RUN   TestCodecFormatSpecializations/missing_argument
=== RUN   TestCodecFormatSpecializations/wrong_input
=== RUN   TestCodecFormatSpecializations/fallible_handler
--- PASS: TestCodecFormatSpecializations (1.18s)
    --- PASS: TestCodecFormatSpecializations/opaque (0.02s)
    --- PASS: TestCodecFormatSpecializations/missing_argument (0.02s)
    --- PASS: TestCodecFormatSpecializations/wrong_input (0.35s)
    --- PASS: TestCodecFormatSpecializations/fallible_handler (0.35s)
=== RUN   TestCodecExplicitSpecializations
=== RUN   TestCodecExplicitSpecializations/opaque
=== RUN   TestCodecExplicitSpecializations/callable
=== RUN   TestCodecExplicitSpecializations/missing_argument
=== RUN   TestCodecExplicitSpecializations/wrong_arity
=== RUN   TestCodecExplicitSpecializations/wrong_input
--- PASS: TestCodecExplicitSpecializations (0.72s)
    --- PASS: TestCodecExplicitSpecializations/opaque (0.02s)
    --- PASS: TestCodecExplicitSpecializations/callable (0.02s)
    --- PASS: TestCodecExplicitSpecializations/missing_argument (0.02s)
    --- PASS: TestCodecExplicitSpecializations/wrong_arity (0.02s)
    --- PASS: TestCodecExplicitSpecializations/wrong_input (0.33s)
=== RUN   TestCollectionsCatalogue
--- PASS: TestCollectionsCatalogue (0.45s)
=== RUN   TestCollectionsRejectInvalidContracts
=== RUN   TestCollectionsRejectInvalidContracts/collections::empty_set<float>()
=== RUN   TestCollectionsRejectInvalidContracts/collections::empty_map<collections::entry<int,str>,str>()
=== RUN   TestCollectionsRejectInvalidContracts/collections::set<int>()
=== RUN   TestCollectionsRejectInvalidContracts/collections::contains(first,_1.0)
=== RUN   TestCollectionsRejectInvalidContracts/callable_collections::contains_
=== RUN   TestCollectionsRejectInvalidContracts/emits_[]_____asserts
=== RUN   TestCollectionsRejectInvalidContracts/collections::add(empty,_1)
--- PASS: TestCollectionsRejectInvalidContracts (2.80s)
    --- PASS: TestCollectionsRejectInvalidContracts/collections::empty_set<float>() (0.38s)
    --- PASS: TestCollectionsRejectInvalidContracts/collections::empty_map<collections::entry<int,str>,str>() (0.38s)
    --- PASS: TestCollectionsRejectInvalidContracts/collections::set<int>() (0.37s)
    --- PASS: TestCollectionsRejectInvalidContracts/collections::contains(first,_1.0) (0.43s)
    --- PASS: TestCollectionsRejectInvalidContracts/callable_collections::contains_ (0.44s)
    --- PASS: TestCollectionsRejectInvalidContracts/emits_[]_____asserts (0.38s)
    --- PASS: TestCollectionsRejectInvalidContracts/collections::add(empty,_1) (0.42s)
=== RUN   TestCompletionArmOrder
=== RUN   TestCompletionArmOrder/error_after_success
=== RUN   TestCompletionArmOrder/standard_after_success
=== RUN   TestCompletionArmOrder/string_binder_rejected
=== RUN   TestCompletionArmOrder/duplicate_success
=== RUN   TestCompletionArmOrder/chain_error_after_success
=== RUN   TestCompletionArmOrder/race_shared_error_after_success
=== RUN   TestCompletionArmOrder/missing_success
=== RUN   TestCompletionArmOrder/failure_first_accepts
--- PASS: TestCompletionArmOrder (3.16s)
    --- PASS: TestCompletionArmOrder/error_after_success (0.33s)
    --- PASS: TestCompletionArmOrder/standard_after_success (0.39s)
    --- PASS: TestCompletionArmOrder/string_binder_rejected (0.38s)
    --- PASS: TestCompletionArmOrder/duplicate_success (0.47s)
    --- PASS: TestCompletionArmOrder/chain_error_after_success (0.45s)
    --- PASS: TestCompletionArmOrder/race_shared_error_after_success (0.39s)
    --- PASS: TestCompletionArmOrder/missing_success (0.35s)
    --- PASS: TestCompletionArmOrder/failure_first_accepts (0.39s)
=== RUN   TestMissingArmObligation
--- PASS: TestMissingArmObligation (1.44s)
=== RUN   TestOutwardErrorObligation
--- PASS: TestOutwardErrorObligation (0.61s)
=== RUN   TestConnectionPolicy
--- PASS: TestConnectionPolicy (0.00s)
=== RUN   TestCookiesFixtureAdmitsOperationContracts
--- PASS: TestCookiesFixtureAdmitsOperationContracts (0.39s)
=== RUN   TestCookiesSuppliedFixturesAttachToMint
--- PASS: TestCookiesSuppliedFixturesAttachToMint (0.39s)
=== RUN   TestCoordinationAggregateComposition
--- PASS: TestCoordinationAggregateComposition (1.82s)
=== RUN   TestMapAggregateConversionRejections
--- PASS: TestMapAggregateConversionRejections (1.00s)
=== RUN   TestCheckedConcurrentHandlers
=== RUN   TestCheckedConcurrentHandlers/concurrent
=== RUN   TestCheckedConcurrentHandlers/concurrent_with_error
--- PASS: TestCheckedConcurrentHandlers (0.62s)
    --- PASS: TestCheckedConcurrentHandlers/concurrent (0.30s)
    --- PASS: TestCheckedConcurrentHandlers/concurrent_with_error (0.32s)
=== RUN   TestCheckedRaceAndSpread
--- PASS: TestCheckedRaceAndSpread (1.00s)
=== RUN   TestCoordinationSpreadUsesDeclaredCommonBound
=== RUN   TestCoordinationSpreadUsesDeclaredCommonBound/missing_common_bound_arm
=== RUN   TestCoordinationSpreadUsesDeclaredCommonBound/different_success
=== RUN   TestCoordinationSpreadUsesDeclaredCommonBound/remaining_input
=== RUN   TestCoordinationSpreadUsesDeclaredCommonBound/error_outside_bound
--- PASS: TestCoordinationSpreadUsesDeclaredCommonBound (1.54s)
    --- PASS: TestCoordinationSpreadUsesDeclaredCommonBound/missing_common_bound_arm (0.31s)
    --- PASS: TestCoordinationSpreadUsesDeclaredCommonBound/different_success (0.31s)
    --- PASS: TestCoordinationSpreadUsesDeclaredCommonBound/remaining_input (0.31s)
    --- PASS: TestCoordinationSpreadUsesDeclaredCommonBound/error_outside_bound (0.30s)
=== RUN   TestCoordinationHeterogeneousRecords
--- PASS: TestCoordinationHeterogeneousRecords (0.66s)
=== RUN   TestCoordinationCoverageAndHandlerContracts
=== RUN   TestCoordinationCoverageAndHandlerContracts/missing_shared_domain_arm
=== RUN   TestCoordinationCoverageAndHandlerContracts/wrong_whole_fallback
=== RUN   TestCoordinationCoverageAndHandlerContracts/wrong_element_result
=== RUN   TestCoordinationCoverageAndHandlerContracts/handler_failure_escapes
=== RUN   TestCoordinationCoverageAndHandlerContracts/no_success_arm
--- PASS: TestCoordinationCoverageAndHandlerContracts (1.55s)
    --- PASS: TestCoordinationCoverageAndHandlerContracts/missing_shared_domain_arm (0.32s)
    --- PASS: TestCoordinationCoverageAndHandlerContracts/wrong_whole_fallback (0.31s)
    --- PASS: TestCoordinationCoverageAndHandlerContracts/wrong_element_result (0.31s)
    --- PASS: TestCoordinationCoverageAndHandlerContracts/handler_failure_escapes (0.30s)
    --- PASS: TestCoordinationCoverageAndHandlerContracts/no_success_arm (0.31s)
=== RUN   TestCheckedFirstSuccessRaceFallback
=== RUN   TestCheckedFirstSuccessRaceFallback/missing_aggregate
=== RUN   TestCheckedFirstSuccessRaceFallback/participant_error
=== RUN   TestCheckedFirstSuccessRaceFallback/standard_arm
=== RUN   TestCheckedFirstSuccessRaceFallback/duplicate_aggregate
--- PASS: TestCheckedFirstSuccessRaceFallback (1.53s)
    --- PASS: TestCheckedFirstSuccessRaceFallback/missing_aggregate (0.30s)
    --- PASS: TestCheckedFirstSuccessRaceFallback/participant_error (0.31s)
    --- PASS: TestCheckedFirstSuccessRaceFallback/standard_arm (0.31s)
    --- PASS: TestCheckedFirstSuccessRaceFallback/duplicate_aggregate (0.30s)
=== RUN   TestForwardedAggregateCoverage
=== RUN   TestForwardedAggregateCoverage/missing_standard_snapshot
=== RUN   TestForwardedAggregateCoverage/missing_declared_domain
=== RUN   TestForwardedAggregateCoverage/missing_forwarded_bound
--- PASS: TestForwardedAggregateCoverage (1.22s)
    --- PASS: TestForwardedAggregateCoverage/missing_standard_snapshot (0.30s)
    --- PASS: TestForwardedAggregateCoverage/missing_declared_domain (0.31s)
    --- PASS: TestForwardedAggregateCoverage/missing_forwarded_bound (0.31s)
=== RUN   TestObservedAggregateInference
=== RUN   TestObservedAggregateInference/conflicting_expected_variants
=== RUN   TestObservedAggregateInference/ambiguous_observation
--- PASS: TestObservedAggregateInference (2.08s)
    --- PASS: TestObservedAggregateInference/conflicting_expected_variants (0.38s)
    --- PASS: TestObservedAggregateInference/ambiguous_observation (0.36s)
=== RUN   TestExactHeadRejections
=== RUN   TestExactHeadRejections/ambiguous_bare
=== RUN   TestExactHeadRejections/duplicate_bare/exact
=== RUN   TestExactHeadRejections/wrong_arity
=== RUN   TestExactHeadRejections/absent_key
=== RUN   TestExactHeadRejections/wrong_specialization
=== RUN   TestExactHeadRejections/participant_arm_at_outer_race
=== RUN   TestExactHeadRejections/missing_specialization
=== RUN   TestExactHeadRejections/incomplete_outer
=== RUN   TestExactHeadRejections/wrong-specification_fixture
--- PASS: TestExactHeadRejections (2.78s)
    --- PASS: TestExactHeadRejections/ambiguous_bare (0.38s)
    --- PASS: TestExactHeadRejections/duplicate_bare/exact (0.38s)
    --- PASS: TestExactHeadRejections/wrong_arity (0.02s)
    --- PASS: TestExactHeadRejections/absent_key (0.02s)
    --- PASS: TestExactHeadRejections/wrong_specialization (0.38s)
    --- PASS: TestExactHeadRejections/participant_arm_at_outer_race (0.39s)
    --- PASS: TestExactHeadRejections/missing_specialization (0.38s)
    --- PASS: TestExactHeadRejections/incomplete_outer (0.41s)
    --- PASS: TestExactHeadRejections/wrong-specification_fixture (0.41s)
=== RUN   TestAmbiguousBareHeadCarriesSpan
--- PASS: TestAmbiguousBareHeadCarriesSpan (0.37s)
=== RUN   TestDataMatchBareAmbiguityListsAlternatives
--- PASS: TestDataMatchBareAmbiguityListsAlternatives (0.30s)
=== RUN   TestGenericBodyExactHeadPerSpecialization
--- PASS: TestGenericBodyExactHeadPerSpecialization (0.30s)
=== RUN   TestCoreOwnerRecordThroughGenericPackageBoundary
=== RUN   TestCoreOwnerRecordThroughGenericPackageBoundary/twin_instance_confusion
=== RUN   TestCoreOwnerRecordThroughGenericPackageBoundary/generic_codec_encode
=== RUN   TestCoreOwnerRecordThroughGenericPackageBoundary/generic_codec_decode
=== RUN   TestCoreOwnerRecordThroughGenericPackageBoundary/field_read_through_instantiation
=== RUN   TestCoreOwnerRecordThroughGenericPackageBoundary/twin_instance_construction
--- PASS: TestCoreOwnerRecordThroughGenericPackageBoundary (1.00s)
    --- PASS: TestCoreOwnerRecordThroughGenericPackageBoundary/twin_instance_confusion (0.31s)
    --- PASS: TestCoreOwnerRecordThroughGenericPackageBoundary/generic_codec_encode (0.02s)
    --- PASS: TestCoreOwnerRecordThroughGenericPackageBoundary/generic_codec_decode (0.02s)
    --- PASS: TestCoreOwnerRecordThroughGenericPackageBoundary/field_read_through_instantiation (0.31s)
    --- PASS: TestCoreOwnerRecordThroughGenericPackageBoundary/twin_instance_construction (0.02s)
=== RUN   TestCoreVariantLeafAcrossImports
=== RUN   TestCoreVariantLeafAcrossImports/unlisted_leaf
=== RUN   TestCoreVariantLeafAcrossImports/twin_instance_leaf
=== RUN   TestCoreVariantLeafAcrossImports/twin_instance_variant
=== RUN   TestCoreVariantLeafAcrossImports/missing_leaf_arm
--- PASS: TestCoreVariantLeafAcrossImports (1.46s)
    --- PASS: TestCoreVariantLeafAcrossImports/unlisted_leaf (0.29s)
    --- PASS: TestCoreVariantLeafAcrossImports/twin_instance_leaf (0.29s)
    --- PASS: TestCoreVariantLeafAcrossImports/twin_instance_variant (0.29s)
    --- PASS: TestCoreVariantLeafAcrossImports/missing_leaf_arm (0.29s)
=== RUN   TestCoreScenarioLinkAfterAliasRename
=== RUN   TestCoreScenarioLinkAfterAliasRename/pre-alias_qualifier_after_rename
=== RUN   TestCoreScenarioLinkAfterAliasRename/unknown_scenario_through_alias
=== RUN   TestCoreScenarioLinkAfterAliasRename/renamed_alias_keeps_stale_link
--- PASS: TestCoreScenarioLinkAfterAliasRename (1.16s)
    --- PASS: TestCoreScenarioLinkAfterAliasRename/pre-alias_qualifier_after_rename (0.29s)
    --- PASS: TestCoreScenarioLinkAfterAliasRename/unknown_scenario_through_alias (0.29s)
    --- PASS: TestCoreScenarioLinkAfterAliasRename/renamed_alias_keeps_stale_link (0.29s)
=== RUN   TestCoreScenarioTwoLinksThroughInstanceAlias
--- PASS: TestCoreScenarioTwoLinksThroughInstanceAlias (0.29s)
=== RUN   TestCoreErrorAcrossTwinInstances
=== RUN   TestCoreErrorAcrossTwinInstances/undeclared_twin_escape
=== RUN   TestCoreErrorAcrossTwinInstances/wrong_twin_arm
--- PASS: TestCoreErrorAcrossTwinInstances (1.06s)
    --- PASS: TestCoreErrorAcrossTwinInstances/undeclared_twin_escape (0.39s)
    --- PASS: TestCoreErrorAcrossTwinInstances/wrong_twin_arm (0.35s)
=== RUN   TestCoreErrorReportAfterLineageChange
--- PASS: TestCoreErrorReportAfterLineageChange (0.74s)
=== RUN   TestExactAmountCatalogue
=== RUN   TestExactAmountCatalogue/number::divmod(1.0,_denominator)
=== RUN   TestExactAmountCatalogue/number::round_ratio_half_even(numerator,_2.0)
=== RUN   TestExactAmountCatalogue/fn_number::division_truncating_____emits_[]
=== RUN   TestExactAmountCatalogue/fn_dec_rounded
--- PASS: TestExactAmountCatalogue (1.61s)
    --- PASS: TestExactAmountCatalogue/number::divmod(1.0,_denominator) (0.44s)
    --- PASS: TestExactAmountCatalogue/number::round_ratio_half_even(numerator,_2.0) (0.39s)
    --- PASS: TestExactAmountCatalogue/fn_number::division_truncating_____emits_[] (0.33s)
    --- PASS: TestExactAmountCatalogue/fn_dec_rounded (0.00s)
=== RUN   TestExportedGenericSymbolicProofIsolation
=== RUN   TestExportedGenericSymbolicProofIsolation/stationary-mutual
=== RUN   TestExportedGenericSymbolicProofIsolation/expanding-mutual
=== RUN   TestExportedGenericSymbolicProofIsolation/acyclic-nested-public
=== RUN   TestExportedGenericSymbolicProofIsolation/public-identity-control
=== RUN   TestExportedGenericSymbolicProofIsolation/stationary-self
=== RUN   TestExportedGenericSymbolicProofIsolation/acyclic-nested-private
--- PASS: TestExportedGenericSymbolicProofIsolation (1.83s)
    --- PASS: TestExportedGenericSymbolicProofIsolation/stationary-mutual (0.32s)
    --- PASS: TestExportedGenericSymbolicProofIsolation/expanding-mutual (0.30s)
    --- PASS: TestExportedGenericSymbolicProofIsolation/acyclic-nested-public (0.31s)
    --- PASS: TestExportedGenericSymbolicProofIsolation/public-identity-control (0.30s)
    --- PASS: TestExportedGenericSymbolicProofIsolation/stationary-self (0.30s)
    --- PASS: TestExportedGenericSymbolicProofIsolation/acyclic-nested-private (0.31s)
=== RUN   TestExportedGenericPassThrough
--- PASS: TestExportedGenericPassThrough (0.31s)
=== RUN   TestExportedGenericRejectsPlus
--- PASS: TestExportedGenericRejectsPlus (0.30s)
=== RUN   TestExportedGenericCallableRestoresBehavior
--- PASS: TestExportedGenericCallableRestoresBehavior (0.30s)
=== RUN   TestExportedGenericDiagnosesStaleCaller
--- PASS: TestExportedGenericDiagnosesStaleCaller (0.29s)
=== RUN   TestPrivateGenericTemplatePreserved
--- PASS: TestPrivateGenericTemplatePreserved (0.29s)
=== RUN   TestExportedGenericDictionaryRecord
--- PASS: TestExportedGenericDictionaryRecord (0.30s)
=== RUN   TestExportedGenericRejectsRepresentationOperations
=== RUN   TestExportedGenericRejectsRepresentationOperations/other_call
=== RUN   TestExportedGenericRejectsRepresentationOperations/ordering
=== RUN   TestExportedGenericRejectsRepresentationOperations/equality
=== RUN   TestExportedGenericRejectsRepresentationOperations/negation
=== RUN   TestExportedGenericRejectsRepresentationOperations/not
=== RUN   TestExportedGenericRejectsRepresentationOperations/match
=== RUN   TestExportedGenericRejectsRepresentationOperations/field
=== RUN   TestExportedGenericRejectsRepresentationOperations/index
=== RUN   TestExportedGenericRejectsRepresentationOperations/method
--- PASS: TestExportedGenericRejectsRepresentationOperations (2.58s)
    --- PASS: TestExportedGenericRejectsRepresentationOperations/other_call (0.29s)
    --- PASS: TestExportedGenericRejectsRepresentationOperations/ordering (0.28s)
    --- PASS: TestExportedGenericRejectsRepresentationOperations/equality (0.28s)
    --- PASS: TestExportedGenericRejectsRepresentationOperations/negation (0.28s)
    --- PASS: TestExportedGenericRejectsRepresentationOperations/not (0.29s)
    --- PASS: TestExportedGenericRejectsRepresentationOperations/match (0.29s)
    --- PASS: TestExportedGenericRejectsRepresentationOperations/field (0.29s)
    --- PASS: TestExportedGenericRejectsRepresentationOperations/index (0.29s)
    --- PASS: TestExportedGenericRejectsRepresentationOperations/method (0.29s)
=== RUN   TestExportedGenericStructuralComposites
=== RUN   TestExportedGenericStructuralComposites/construct
=== RUN   TestExportedGenericStructuralComposites/map_callable
=== RUN   TestExportedGenericStructuralComposites/option_match
=== RUN   TestExportedGenericStructuralComposites/box_match
=== RUN   TestExportedGenericStructuralComposites/copy_update
--- PASS: TestExportedGenericStructuralComposites (1.46s)
    --- PASS: TestExportedGenericStructuralComposites/construct (0.29s)
    --- PASS: TestExportedGenericStructuralComposites/map_callable (0.30s)
    --- PASS: TestExportedGenericStructuralComposites/option_match (0.29s)
    --- PASS: TestExportedGenericStructuralComposites/box_match (0.29s)
    --- PASS: TestExportedGenericStructuralComposites/copy_update (0.29s)
=== RUN   TestExportedGenericRejectsCodec
--- PASS: TestExportedGenericRejectsCodec (0.28s)
=== RUN   TestExportedGenericRejectsBareParameterBound
--- PASS: TestExportedGenericRejectsBareParameterBound (0.00s)
=== RUN   TestExportedGenericSelfRecursion
--- PASS: TestExportedGenericSelfRecursion (0.29s)
=== RUN   TestExportedGenericMethod
--- PASS: TestExportedGenericMethod (0.57s)
=== RUN   TestExportedGenericDependencyEdit
--- PASS: TestExportedGenericDependencyEdit (0.58s)
=== RUN   TestNamedFetchModes
=== RUN   TestNamedFetchModes/body_json_payload_____body_text_(call_[[payload]].map(callable_extract))[0]
=== RUN   TestNamedFetchModes/get_"/text"
=== RUN   TestNamedFetchModes/fetch_receipt_head_text
=== RUN   TestNamedFetchModes/fetch_int_load_json
=== RUN   TestNamedFetchModes/labels_=_[1]
=== RUN   TestNamedFetchModes/body_bytes_payload
=== RUN   TestNamedFetchModes/content_type_=_"text/plain"
=== RUN   TestNamedFetchModes/content_type_=_""
=== RUN   TestNamedFetchModes/emits_[]
--- PASS: TestNamedFetchModes (1.63s)
    --- PASS: TestNamedFetchModes/body_json_payload_____body_text_(call_[[payload]].map(callable_extract))[0] (0.00s)
    --- PASS: TestNamedFetchModes/get_"/text" (0.00s)
    --- PASS: TestNamedFetchModes/fetch_receipt_head_text (0.02s)
    --- PASS: TestNamedFetchModes/fetch_int_load_json (0.02s)
    --- PASS: TestNamedFetchModes/labels_=_[1] (0.29s)
    --- PASS: TestNamedFetchModes/body_bytes_payload (0.30s)
    --- PASS: TestNamedFetchModes/content_type_=_"text/plain" (0.31s)
    --- PASS: TestNamedFetchModes/content_type_=_"" (0.31s)
    --- PASS: TestNamedFetchModes/emits_[] (0.02s)
=== RUN   TestFetchRejectsLiteralHeaderValuesInsideArrays
=== RUN   TestFetchRejectsLiteralHeaderValuesInsideArrays/"a\r\nb"
=== RUN   TestFetchRejectsLiteralHeaderValuesInsideArrays/["a\r\nb"]
=== RUN   TestFetchRejectsLiteralHeaderValuesInsideArrays/(["a\nb"])
=== RUN   TestFetchRejectsLiteralHeaderValuesInsideArrays/["ok",_...(["a\0b"])]
=== RUN   TestFetchRejectsLiteralHeaderValuesInsideArrays/[...([("Ā")])]
--- PASS: TestFetchRejectsLiteralHeaderValuesInsideArrays (1.53s)
    --- PASS: TestFetchRejectsLiteralHeaderValuesInsideArrays/"a\r\nb" (0.30s)
    --- PASS: TestFetchRejectsLiteralHeaderValuesInsideArrays/["a\r\nb"] (0.30s)
    --- PASS: TestFetchRejectsLiteralHeaderValuesInsideArrays/(["a\nb"]) (0.31s)
    --- PASS: TestFetchRejectsLiteralHeaderValuesInsideArrays/["ok",_...(["a\0b"])] (0.31s)
    --- PASS: TestFetchRejectsLiteralHeaderValuesInsideArrays/[...([("Ā")])] (0.31s)
=== RUN   TestFetchGroupedEmptyEntriesAndLiteralContentTypes
=== RUN   TestFetchGroupedEmptyEntriesAndLiteralContentTypes/labels_=_call_[["a_b"],_["+"]].map(callable_extract)[]
=== RUN   TestFetchGroupedEmptyEntriesAndLiteralContentTypes/labels_=_call_[["a_b"],_["+"]].map(callable_extract)([])
=== RUN   TestFetchGroupedEmptyEntriesAndLiteralContentTypes/labels_=_call_[["a_b"],_["+"]].map(callable_extract)(([]))
=== RUN   TestFetchGroupedEmptyEntriesAndLiteralContentTypes/labels_=_call_[["a_b"],_["+"]].map(callable_extract)([...([])])
=== RUN   TestFetchGroupedEmptyEntriesAndLiteralContentTypes/x_probe_=_call_[["yes"]].map(callable_extract)[]
=== RUN   TestFetchGroupedEmptyEntriesAndLiteralContentTypes/x_probe_=_call_[["yes"]].map(callable_extract)([])
=== RUN   TestFetchGroupedEmptyEntriesAndLiteralContentTypes/x_probe_=_call_[["yes"]].map(callable_extract)(([]))
=== RUN   TestFetchGroupedEmptyEntriesAndLiteralContentTypes/x_probe_=_call_[["yes"]].map(callable_extract)([...([])])
=== RUN   TestFetchGroupedEmptyEntriesAndLiteralContentTypes/("text/plain")
=== RUN   TestFetchGroupedEmptyEntriesAndLiteralContentTypes/(("text/plain"))
=== RUN   TestFetchGroupedEmptyEntriesAndLiteralContentTypes/[...["text/plain"]]
=== RUN   TestFetchGroupedEmptyEntriesAndLiteralContentTypes/([...([("text/plain")])])
=== RUN   TestFetchGroupedEmptyEntriesAndLiteralContentTypes/["application/json",_...(["text/plain"])]
=== RUN   TestFetchGroupedEmptyEntriesAndLiteralContentTypes/valid_("application/json")
=== RUN   TestFetchGroupedEmptyEntriesAndLiteralContentTypes/valid_([...(["application/json;_charset=utf-8"])])
=== RUN   TestFetchGroupedEmptyEntriesAndLiteralContentTypes/valid_([])
=== RUN   TestFetchGroupedEmptyEntriesAndLiteralContentTypes/valid_([...([])])
--- PASS: TestFetchGroupedEmptyEntriesAndLiteralContentTypes (6.06s)
    --- PASS: TestFetchGroupedEmptyEntriesAndLiteralContentTypes/labels_=_call_[["a_b"],_["+"]].map(callable_extract)[] (0.36s)
    --- PASS: TestFetchGroupedEmptyEntriesAndLiteralContentTypes/labels_=_call_[["a_b"],_["+"]].map(callable_extract)([]) (0.37s)
    --- PASS: TestFetchGroupedEmptyEntriesAndLiteralContentTypes/labels_=_call_[["a_b"],_["+"]].map(callable_extract)(([])) (0.36s)
    --- PASS: TestFetchGroupedEmptyEntriesAndLiteralContentTypes/labels_=_call_[["a_b"],_["+"]].map(callable_extract)([...([])]) (0.36s)
    --- PASS: TestFetchGroupedEmptyEntriesAndLiteralContentTypes/x_probe_=_call_[["yes"]].map(callable_extract)[] (0.36s)
    --- PASS: TestFetchGroupedEmptyEntriesAndLiteralContentTypes/x_probe_=_call_[["yes"]].map(callable_extract)([]) (0.36s)
    --- PASS: TestFetchGroupedEmptyEntriesAndLiteralContentTypes/x_probe_=_call_[["yes"]].map(callable_extract)(([])) (0.36s)
    --- PASS: TestFetchGroupedEmptyEntriesAndLiteralContentTypes/x_probe_=_call_[["yes"]].map(callable_extract)([...([])]) (0.36s)
    --- PASS: TestFetchGroupedEmptyEntriesAndLiteralContentTypes/("text/plain") (0.33s)
    --- PASS: TestFetchGroupedEmptyEntriesAndLiteralContentTypes/(("text/plain")) (0.35s)
    --- PASS: TestFetchGroupedEmptyEntriesAndLiteralContentTypes/[...["text/plain"]] (0.32s)
    --- PASS: TestFetchGroupedEmptyEntriesAndLiteralContentTypes/([...([("text/plain")])]) (0.32s)
    --- PASS: TestFetchGroupedEmptyEntriesAndLiteralContentTypes/["application/json",_...(["text/plain"])] (0.33s)
    --- PASS: TestFetchGroupedEmptyEntriesAndLiteralContentTypes/valid_("application/json") (0.40s)
    --- PASS: TestFetchGroupedEmptyEntriesAndLiteralContentTypes/valid_([...(["application/json;_charset=utf-8"])]) (0.38s)
    --- PASS: TestFetchGroupedEmptyEntriesAndLiteralContentTypes/valid_([]) (0.38s)
    --- PASS: TestFetchGroupedEmptyEntriesAndLiteralContentTypes/valid_([...([])]) (0.36s)
=== RUN   TestFetchContentTypeEmptyOverrideAndDynamicAdmission
=== RUN   TestFetchContentTypeEmptyOverrideAndDynamicAdmission/[]
=== RUN   TestFetchContentTypeEmptyOverrideAndDynamicAdmission/(([]))
=== RUN   TestFetchContentTypeEmptyOverrideAndDynamicAdmission/([...([])])
=== RUN   TestFetchContentTypeEmptyOverrideAndDynamicAdmission/("application/json")
=== RUN   TestFetchContentTypeEmptyOverrideAndDynamicAdmission/call_["text/plain"].map(callable_pass_header)
--- PASS: TestFetchContentTypeEmptyOverrideAndDynamicAdmission (2.14s)
    --- PASS: TestFetchContentTypeEmptyOverrideAndDynamicAdmission/[] (0.36s)
    --- PASS: TestFetchContentTypeEmptyOverrideAndDynamicAdmission/(([])) (0.37s)
    --- PASS: TestFetchContentTypeEmptyOverrideAndDynamicAdmission/([...([])]) (0.36s)
    --- PASS: TestFetchContentTypeEmptyOverrideAndDynamicAdmission/("application/json") (0.36s)
    --- PASS: TestFetchContentTypeEmptyOverrideAndDynamicAdmission/call_["text/plain"].map(callable_pass_header) (0.37s)
=== RUN   TestFormServeActionBinds
--- PASS: TestFormServeActionBinds (0.31s)
=== RUN   TestFormNamedBuildersCheck
--- PASS: TestFormNamedBuildersCheck (0.31s)
=== RUN   TestFormRowItemIdentityFilled
--- PASS: TestFormRowItemIdentityFilled (0.32s)
=== RUN   TestFormBuilderRefactorDiagnostics
=== RUN   TestFormBuilderRefactorDiagnostics/renamed_collection
=== RUN   TestFormBuilderRefactorDiagnostics/collection_over_scalar
=== RUN   TestFormBuilderRefactorDiagnostics/renamed_row_field
=== RUN   TestFormBuilderRefactorDiagnostics/field_over_rows
=== RUN   TestFormBuilderRefactorDiagnostics/non-literal_name
=== RUN   TestFormBuilderRefactorDiagnostics/non-record_wire
--- PASS: TestFormBuilderRefactorDiagnostics (1.53s)
    --- PASS: TestFormBuilderRefactorDiagnostics/renamed_collection (0.31s)
    --- PASS: TestFormBuilderRefactorDiagnostics/collection_over_scalar (0.30s)
    --- PASS: TestFormBuilderRefactorDiagnostics/renamed_row_field (0.30s)
    --- PASS: TestFormBuilderRefactorDiagnostics/field_over_rows (0.31s)
    --- PASS: TestFormBuilderRefactorDiagnostics/non-literal_name (0.30s)
    --- PASS: TestFormBuilderRefactorDiagnostics/non-record_wire (0.02s)
=== RUN   TestFormServeActionRejects
=== RUN   TestFormServeActionRejects/unknown_action
=== RUN   TestFormServeActionRejects/result_mismatch
=== RUN   TestFormServeActionRejects/wire_mismatch
=== RUN   TestFormServeActionRejects/outcome_arity
=== RUN   TestFormServeActionRejects/non-literal_action
=== RUN   TestFormServeActionRejects/no_matching_handler
=== RUN   TestFormServeActionRejects/ambiguous_handler
--- PASS: TestFormServeActionRejects (1.79s)
    --- PASS: TestFormServeActionRejects/unknown_action (0.30s)
    --- PASS: TestFormServeActionRejects/result_mismatch (0.02s)
    --- PASS: TestFormServeActionRejects/wire_mismatch (0.29s)
    --- PASS: TestFormServeActionRejects/outcome_arity (0.30s)
    --- PASS: TestFormServeActionRejects/non-literal_action (0.30s)
    --- PASS: TestFormServeActionRejects/no_matching_handler (0.29s)
    --- PASS: TestFormServeActionRejects/ambiguous_handler (0.30s)
=== RUN   TestFormServeRequiresFormBody
--- PASS: TestFormServeRequiresFormBody (0.60s)
=== RUN   TestFormDiagnosticSpans
--- PASS: TestFormDiagnosticSpans (0.60s)
=== RUN   TestFormatPreservesCheckedSemantics
--- PASS: TestFormatPreservesCheckedSemantics (0.58s)
=== RUN   TestFormatNeverRepairsArms
--- PASS: TestFormatNeverRepairsArms (0.58s)
=== RUN   TestGenericLockedChainInstances
--- PASS: TestGenericLockedChainInstances (0.34s)
=== RUN   TestHTMLHasOnlyCatalogueConstructors
--- PASS: TestHTMLHasOnlyCatalogueConstructors (0.89s)
=== RUN   TestHTTPFixtureAdmitsHandlersMountsAndSpecializations
--- PASS: TestHTTPFixtureAdmitsHandlersMountsAndSpecializations (0.58s)
=== RUN   TestHTTPRouteMountRefusals
=== RUN   TestHTTPRouteMountRefusals/dynamic_path
=== RUN   TestHTTPRouteMountRefusals/empty_path
=== RUN   TestHTTPRouteMountRefusals/relative_path
=== RUN   TestHTTPRouteMountRefusals/double_slash
=== RUN   TestHTTPRouteMountRefusals/capture_segment
=== RUN   TestHTTPRouteMountRefusals/query_suffix
=== RUN   TestHTTPRouteMountRefusals/fragment_suffix
=== RUN   TestHTTPRouteMountRefusals/wildcard
=== RUN   TestHTTPRouteMountRefusals/backslash
=== RUN   TestHTTPRouteMountRefusals/truncated_escape
=== RUN   TestHTTPRouteMountRefusals/invalid_escape
=== RUN   TestHTTPRouteMountRefusals/invalid_encoding
=== RUN   TestHTTPRouteMountRefusals/encoded_control
=== RUN   TestHTTPRouteMountRefusals/reserved_prefix
=== RUN   TestHTTPRouteMountRefusals/reserved_root
=== RUN   TestHTTPRouteMountRefusals/encoded_reserved
=== RUN   TestHTTPRouteMountRefusals/call_result_callback
=== RUN   TestHTTPRouteMountRefusals/local_callback
=== RUN   TestHTTPRouteMountRefusals/fallible_handler
=== RUN   TestHTTPRouteMountRefusals/route_reference
--- PASS: TestHTTPRouteMountRefusals (11.18s)
    --- PASS: TestHTTPRouteMountRefusals/dynamic_path (0.54s)
    --- PASS: TestHTTPRouteMountRefusals/empty_path (0.54s)
    --- PASS: TestHTTPRouteMountRefusals/relative_path (0.54s)
    --- PASS: TestHTTPRouteMountRefusals/double_slash (0.55s)
    --- PASS: TestHTTPRouteMountRefusals/capture_segment (0.54s)
    --- PASS: TestHTTPRouteMountRefusals/query_suffix (0.61s)
    --- PASS: TestHTTPRouteMountRefusals/fragment_suffix (0.57s)
    --- PASS: TestHTTPRouteMountRefusals/wildcard (0.57s)
    --- PASS: TestHTTPRouteMountRefusals/backslash (0.55s)
    --- PASS: TestHTTPRouteMountRefusals/truncated_escape (0.55s)
    --- PASS: TestHTTPRouteMountRefusals/invalid_escape (0.55s)
    --- PASS: TestHTTPRouteMountRefusals/invalid_encoding (0.57s)
    --- PASS: TestHTTPRouteMountRefusals/encoded_control (0.55s)
    --- PASS: TestHTTPRouteMountRefusals/reserved_prefix (0.55s)
    --- PASS: TestHTTPRouteMountRefusals/reserved_root (0.63s)
    --- PASS: TestHTTPRouteMountRefusals/encoded_reserved (0.58s)
    --- PASS: TestHTTPRouteMountRefusals/call_result_callback (0.55s)
    --- PASS: TestHTTPRouteMountRefusals/local_callback (0.55s)
    --- PASS: TestHTTPRouteMountRefusals/fallible_handler (0.55s)
    --- PASS: TestHTTPRouteMountRefusals/route_reference (0.53s)
=== RUN   TestHTTPRoutePathCorpusMatchesRuntime
--- PASS: TestHTTPRoutePathCorpusMatchesRuntime (0.00s)
=== RUN   TestHTTPHandlerContractRefusals
=== RUN   TestHTTPHandlerContractRefusals/wrong_input
=== RUN   TestHTTPHandlerContractRefusals/wrong_result
=== RUN   TestHTTPHandlerContractRefusals/fallible_handler
--- PASS: TestHTTPHandlerContractRefusals (0.85s)
    --- PASS: TestHTTPHandlerContractRefusals/wrong_input (0.28s)
    --- PASS: TestHTTPHandlerContractRefusals/wrong_result (0.28s)
    --- PASS: TestHTTPHandlerContractRefusals/fallible_handler (0.29s)
=== RUN   TestHTTPSpecializationRefusals
=== RUN   TestHTTPSpecializationRefusals/opaque_JSON_body
=== RUN   TestHTTPSpecializationRefusals/missing_JSON_argument
=== RUN   TestHTTPSpecializationRefusals/extra_JSON_argument
=== RUN   TestHTTPSpecializationRefusals/opaque_JSON_response
=== RUN   TestHTTPSpecializationRefusals/non-text_form_field
=== RUN   TestHTTPSpecializationRefusals/nested_form_field
=== RUN   TestHTTPSpecializationRefusals/non-string_option
--- PASS: TestHTTPSpecializationRefusals (0.11s)
    --- PASS: TestHTTPSpecializationRefusals/opaque_JSON_body (0.02s)
    --- PASS: TestHTTPSpecializationRefusals/missing_JSON_argument (0.02s)
    --- PASS: TestHTTPSpecializationRefusals/extra_JSON_argument (0.02s)
    --- PASS: TestHTTPSpecializationRefusals/opaque_JSON_response (0.02s)
    --- PASS: TestHTTPSpecializationRefusals/non-text_form_field (0.02s)
    --- PASS: TestHTTPSpecializationRefusals/nested_form_field (0.02s)
    --- PASS: TestHTTPSpecializationRefusals/non-string_option (0.02s)
=== RUN   TestHTTPAssertionScopeRefusals
=== RUN   TestHTTPAssertionScopeRefusals/extra_scope_argument
=== RUN   TestHTTPAssertionScopeRefusals/supplied_scope_value
=== RUN   TestHTTPAssertionScopeRefusals/valued_opaque_expectation
--- PASS: TestHTTPAssertionScopeRefusals (2.01s)
    --- PASS: TestHTTPAssertionScopeRefusals/extra_scope_argument (0.28s)
    --- PASS: TestHTTPAssertionScopeRefusals/supplied_scope_value (0.28s)
    --- PASS: TestHTTPAssertionScopeRefusals/valued_opaque_expectation (0.28s)
=== RUN   TestJudgeRetainsCheckedPhases
--- PASS: TestJudgeRetainsCheckedPhases (0.57s)
=== RUN   TestJudgeStateSchemaDisclosesOnlyState
--- PASS: TestJudgeStateSchemaDisclosesOnlyState (0.56s)
=== RUN   TestNamedArmInitializationDependencies
--- PASS: TestNamedArmInitializationDependencies (0.59s)
=== RUN   TestQuestionHandlerScopesRemainSeparate
=== RUN   TestQuestionHandlerScopesRemainSeparate/fallback_probability
=== RUN   TestQuestionHandlerScopesRemainSeparate/score_probability
=== RUN   TestQuestionHandlerScopesRemainSeparate/duplicate_metadata_name
=== RUN   TestQuestionHandlerScopesRemainSeparate/duplicate_metadata_kind
=== RUN   TestQuestionHandlerScopesRemainSeparate/fallback_selected
--- PASS: TestQuestionHandlerScopesRemainSeparate (0.63s)
    --- PASS: TestQuestionHandlerScopesRemainSeparate/fallback_probability (0.00s)
    --- PASS: TestQuestionHandlerScopesRemainSeparate/score_probability (0.00s)
    --- PASS: TestQuestionHandlerScopesRemainSeparate/duplicate_metadata_name (0.00s)
    --- PASS: TestQuestionHandlerScopesRemainSeparate/duplicate_metadata_kind (0.00s)
    --- PASS: TestQuestionHandlerScopesRemainSeparate/fallback_selected (0.31s)
=== RUN   TestGeneratedArmSpreadInfersOrdinaryGenericCalls
=== RUN   TestGeneratedArmSpreadInfersOrdinaryGenericCalls/call_identity(choices)
=== RUN   TestGeneratedArmSpreadInfersOrdinaryGenericCalls/call_identity<arms>(choices)
=== RUN   TestGeneratedArmSpreadInfersOrdinaryGenericCalls/call_identity(call_identity(choices))
=== RUN   TestGeneratedArmSpreadInfersOrdinaryGenericCalls/call_first([choices])
=== RUN   TestGeneratedArmSpreadInfersOrdinaryGenericCalls/call_keep([],_choices)
=== RUN   TestGeneratedArmSpreadInfersOrdinaryGenericCalls/call_variadic(...[choices])
=== RUN   TestGeneratedArmSpreadInfersOrdinaryGenericCalls/call_wrapped.unwrap()
=== RUN   TestGeneratedArmSpreadInfersOrdinaryGenericCalls/call_keep(call_identity([]),_choices)
=== RUN   TestGeneratedArmSpreadInfersOrdinaryGenericCalls/call_choose(1_+_0,_choices)
=== RUN   TestGeneratedArmSpreadInfersOrdinaryGenericCalls/call_identity(box(choices)).unwrap()
=== RUN   TestGeneratedArmSpreadInfersOrdinaryGenericCalls/call_identity(box(call_choose(1_+_0,_call_keep(call_identity([]),_choices)))).unwrap()
=== RUN   TestGeneratedArmSpreadInfersOrdinaryGenericCalls/ambiguous
=== RUN   TestGeneratedArmSpreadInfersOrdinaryGenericCalls/conflict
=== RUN   TestGeneratedArmSpreadInfersOrdinaryGenericCalls/arity
=== RUN   TestGeneratedArmSpreadInfersOrdinaryGenericCalls/fixed_invalid
=== RUN   TestGeneratedArmSpreadInfersOrdinaryGenericCalls/resolved_conflict
=== RUN   TestGeneratedArmSpreadInfersOrdinaryGenericCalls/nested_invalid
=== RUN   TestGeneratedArmSpreadInfersOrdinaryGenericCalls/cycle
--- PASS: TestGeneratedArmSpreadInfersOrdinaryGenericCalls (3.90s)
    --- PASS: TestGeneratedArmSpreadInfersOrdinaryGenericCalls/call_identity(choices) (0.31s)
    --- PASS: TestGeneratedArmSpreadInfersOrdinaryGenericCalls/call_identity<arms>(choices) (0.31s)
    --- PASS: TestGeneratedArmSpreadInfersOrdinaryGenericCalls/call_identity(call_identity(choices)) (0.30s)
    --- PASS: TestGeneratedArmSpreadInfersOrdinaryGenericCalls/call_first([choices]) (0.30s)
    --- PASS: TestGeneratedArmSpreadInfersOrdinaryGenericCalls/call_keep([],_choices) (0.30s)
    --- PASS: TestGeneratedArmSpreadInfersOrdinaryGenericCalls/call_variadic(...[choices]) (0.30s)
    --- PASS: TestGeneratedArmSpreadInfersOrdinaryGenericCalls/call_wrapped.unwrap() (0.30s)
    --- PASS: TestGeneratedArmSpreadInfersOrdinaryGenericCalls/call_keep(call_identity([]),_choices) (0.30s)
    --- PASS: TestGeneratedArmSpreadInfersOrdinaryGenericCalls/call_choose(1_+_0,_choices) (0.29s)
    --- PASS: TestGeneratedArmSpreadInfersOrdinaryGenericCalls/call_identity(box(choices)).unwrap() (0.29s)
    --- PASS: TestGeneratedArmSpreadInfersOrdinaryGenericCalls/call_identity(box(call_choose(1_+_0,_call_keep(call_identity([]),_choices)))).unwrap() (0.33s)
    --- PASS: TestGeneratedArmSpreadInfersOrdinaryGenericCalls/ambiguous (0.00s)
    --- PASS: TestGeneratedArmSpreadInfersOrdinaryGenericCalls/conflict (0.00s)
    --- PASS: TestGeneratedArmSpreadInfersOrdinaryGenericCalls/arity (0.00s)
    --- PASS: TestGeneratedArmSpreadInfersOrdinaryGenericCalls/fixed_invalid (0.28s)
    --- PASS: TestGeneratedArmSpreadInfersOrdinaryGenericCalls/resolved_conflict (0.28s)
    --- PASS: TestGeneratedArmSpreadInfersOrdinaryGenericCalls/nested_invalid (0.00s)
    --- PASS: TestGeneratedArmSpreadInfersOrdinaryGenericCalls/cycle (0.00s)
=== RUN   TestLLMOutputSchemaAdmission
=== RUN   TestLLMOutputSchemaAdmission/generic
=== RUN   TestLLMOutputSchemaAdmission/recursive
=== RUN   TestLLMOutputSchemaAdmission/opaque
=== RUN   TestLLMOutputSchemaAdmission/array_root
--- PASS: TestLLMOutputSchemaAdmission (1.12s)
    --- PASS: TestLLMOutputSchemaAdmission/generic (0.28s)
    --- PASS: TestLLMOutputSchemaAdmission/recursive (0.28s)
    --- PASS: TestLLMOutputSchemaAdmission/opaque (0.28s)
    --- PASS: TestLLMOutputSchemaAdmission/array_root (0.28s)
=== RUN   TestLLMRejectsUnsupportedProviderSettings
--- PASS: TestLLMRejectsUnsupportedProviderSettings (0.04s)
=== RUN   TestNativeDescriptorMetadataPhase
=== RUN   TestNativeDescriptorMetadataPhase/nested_asks
=== RUN   TestNativeDescriptorMetadataPhase/nested_criterion
=== RUN   TestNativeDescriptorMetadataPhase/nested_minimum
=== RUN   TestNativeDescriptorMetadataPhase/near_capture
--- PASS: TestNativeDescriptorMetadataPhase (1.44s)
    --- PASS: TestNativeDescriptorMetadataPhase/nested_asks (0.29s)
    --- PASS: TestNativeDescriptorMetadataPhase/nested_criterion (0.29s)
    --- PASS: TestNativeDescriptorMetadataPhase/nested_minimum (0.28s)
    --- PASS: TestNativeDescriptorMetadataPhase/near_capture (0.29s)
=== RUN   TestNativeProbabilityLocal
--- PASS: TestNativeProbabilityLocal (0.28s)
=== RUN   TestNativeVariadicGeneratedShape
--- PASS: TestNativeVariadicGeneratedShape (0.28s)
=== RUN   TestNativeStateCodecAdmission
=== RUN   TestNativeStateCodecAdmission/judge/bytes::buffer
=== RUN   TestNativeStateCodecAdmission/judge/callable_str_()_emits_[]
=== RUN   TestNativeStateCodecAdmission/judge/choice_arm<str>_emits_[]
=== RUN   TestNativeStateCodecAdmission/judge/opaque_record
=== RUN   TestNativeStateCodecAdmission/judge/opaque_record[]
=== RUN   TestNativeStateCodecAdmission/llm/bytes::buffer
=== RUN   TestNativeStateCodecAdmission/llm/callable_str_()_emits_[]
=== RUN   TestNativeStateCodecAdmission/llm/choice_arm<str>_emits_[]
=== RUN   TestNativeStateCodecAdmission/llm/opaque_record
=== RUN   TestNativeStateCodecAdmission/llm/opaque_record[]
--- PASS: TestNativeStateCodecAdmission (0.15s)
    --- PASS: TestNativeStateCodecAdmission/judge/bytes::buffer (0.01s)
    --- PASS: TestNativeStateCodecAdmission/judge/callable_str_()_emits_[] (0.02s)
    --- PASS: TestNativeStateCodecAdmission/judge/choice_arm<str>_emits_[] (0.02s)
    --- PASS: TestNativeStateCodecAdmission/judge/opaque_record (0.02s)
    --- PASS: TestNativeStateCodecAdmission/judge/opaque_record[] (0.02s)
    --- PASS: TestNativeStateCodecAdmission/llm/bytes::buffer (0.02s)
    --- PASS: TestNativeStateCodecAdmission/llm/callable_str_()_emits_[] (0.02s)
    --- PASS: TestNativeStateCodecAdmission/llm/choice_arm<str>_emits_[] (0.01s)
    --- PASS: TestNativeStateCodecAdmission/llm/opaque_record (0.02s)
    --- PASS: TestNativeStateCodecAdmission/llm/opaque_record[] (0.02s)
=== RUN   TestNativeExportedConnection
--- PASS: TestNativeExportedConnection (1.22s)
=== RUN   TestConnectionPolicyThroughProgram
--- PASS: TestConnectionPolicyThroughProgram (0.37s)
=== RUN   TestGroupedNativeInvocation
=== RUN   TestGroupedNativeInvocation/empty
=== RUN   TestGroupedNativeInvocation/one
=== RUN   TestGroupedNativeInvocation/multiple
=== RUN   TestGroupedNativeInvocation/variadic
--- PASS: TestGroupedNativeInvocation (2.34s)
    --- PASS: TestGroupedNativeInvocation/empty (0.60s)
    --- PASS: TestGroupedNativeInvocation/one (0.59s)
    --- PASS: TestGroupedNativeInvocation/multiple (0.58s)
    --- PASS: TestGroupedNativeInvocation/variadic (0.58s)
=== RUN   TestNativeIntrinsicBoundsAndProfile
=== RUN   TestNativeIntrinsicBoundsAndProfile/missing_error
=== RUN   TestNativeIntrinsicBoundsAndProfile/wrong_profile
=== RUN   TestNativeIntrinsicBoundsAndProfile/missing_authenticated_error
--- PASS: TestNativeIntrinsicBoundsAndProfile (0.05s)
    --- PASS: TestNativeIntrinsicBoundsAndProfile/missing_error (0.02s)
    --- PASS: TestNativeIntrinsicBoundsAndProfile/wrong_profile (0.02s)
    --- PASS: TestNativeIntrinsicBoundsAndProfile/missing_authenticated_error (0.02s)
=== RUN   TestJudgePreparationAndHandlerRegions
=== RUN   TestJudgePreparationAndHandlerRegions/wrong_connection
=== RUN   TestJudgePreparationAndHandlerRegions/missing_question_bound
=== RUN   TestJudgePreparationAndHandlerRegions/direct_question_call
=== RUN   TestJudgePreparationAndHandlerRegions/cross_registration
=== RUN   TestJudgePreparationAndHandlerRegions/invalid_handler_result
=== RUN   TestJudgePreparationAndHandlerRegions/missing_binding
=== RUN   TestJudgePreparationAndHandlerRegions/wrong_binding
--- PASS: TestJudgePreparationAndHandlerRegions (2.31s)
    --- PASS: TestJudgePreparationAndHandlerRegions/wrong_connection (0.29s)
    --- PASS: TestJudgePreparationAndHandlerRegions/missing_question_bound (0.29s)
    --- PASS: TestJudgePreparationAndHandlerRegions/direct_question_call (0.29s)
    --- PASS: TestJudgePreparationAndHandlerRegions/cross_registration (0.29s)
    --- PASS: TestJudgePreparationAndHandlerRegions/invalid_handler_result (0.28s)
    --- PASS: TestJudgePreparationAndHandlerRegions/missing_binding (0.29s)
    --- PASS: TestJudgePreparationAndHandlerRegions/wrong_binding (0.28s)
=== RUN   TestChoiceAndScoreStaticBodies
=== RUN   TestChoiceAndScoreStaticBodies/selected_input_collision
=== RUN   TestChoiceAndScoreStaticBodies/score_wrong_result
=== RUN   TestChoiceAndScoreStaticBodies/metadata_during_preparation
=== RUN   TestChoiceAndScoreStaticBodies/metadata_collision
=== RUN   TestChoiceAndScoreStaticBodies/wrong_dynamic_result
=== RUN   TestChoiceAndScoreStaticBodies/wrong_dynamic_array
=== RUN   TestChoiceAndScoreStaticBodies/wrong_selected_type
--- PASS: TestChoiceAndScoreStaticBodies (1.98s)
    --- PASS: TestChoiceAndScoreStaticBodies/selected_input_collision (0.29s)
    --- PASS: TestChoiceAndScoreStaticBodies/score_wrong_result (0.28s)
    --- PASS: TestChoiceAndScoreStaticBodies/metadata_during_preparation (0.28s)
    --- PASS: TestChoiceAndScoreStaticBodies/metadata_collision (0.00s)
    --- PASS: TestChoiceAndScoreStaticBodies/wrong_dynamic_result (0.28s)
    --- PASS: TestChoiceAndScoreStaticBodies/wrong_dynamic_array (0.28s)
    --- PASS: TestChoiceAndScoreStaticBodies/wrong_selected_type (0.28s)
=== RUN   TestGeneratedArmSpreadShape
=== RUN   TestGeneratedArmSpreadShape/expanded_collision
=== RUN   TestGeneratedArmSpreadShape/incompatible_arm
=== RUN   TestGeneratedArmSpreadShape/ordinary_field
--- PASS: TestGeneratedArmSpreadShape (0.85s)
    --- PASS: TestGeneratedArmSpreadShape/expanded_collision (0.00s)
    --- PASS: TestGeneratedArmSpreadShape/incompatible_arm (0.28s)
    --- PASS: TestGeneratedArmSpreadShape/ordinary_field (0.28s)
=== RUN   TestNamedArmDeclarationEvidence
=== RUN   TestNamedArmDeclarationEvidence/free_capture
=== RUN   TestNamedArmDeclarationEvidence/nonconstant_description
=== RUN   TestNamedArmDeclarationEvidence/empty_description
--- PASS: TestNamedArmDeclarationEvidence (1.12s)
    --- PASS: TestNamedArmDeclarationEvidence/free_capture (0.28s)
    --- PASS: TestNamedArmDeclarationEvidence/nonconstant_description (0.28s)
    --- PASS: TestNamedArmDeclarationEvidence/empty_description (0.28s)
=== RUN   TestNumericCatalogue
=== RUN   TestNumericCatalogue/number::floor(1)
=== RUN   TestNumericCatalogue/text::from_int(1.0)
=== RUN   TestNumericCatalogue/number::bool_to_int(1)
=== RUN   TestNumericCatalogue/text::to_float(1.0)
=== RUN   TestNumericCatalogue/number::sqrt(value)
=== RUN   TestNumericCatalogue/fn_dec_floor_value
=== RUN   TestNumericCatalogue/fn_float_int_float_____emits_[]
--- PASS: TestNumericCatalogue (2.19s)
    --- PASS: TestNumericCatalogue/number::floor(1) (0.31s)
    --- PASS: TestNumericCatalogue/text::from_int(1.0) (0.28s)
    --- PASS: TestNumericCatalogue/number::bool_to_int(1) (0.30s)
    --- PASS: TestNumericCatalogue/text::to_float(1.0) (0.34s)
    --- PASS: TestNumericCatalogue/number::sqrt(value) (0.31s)
    --- PASS: TestNumericCatalogue/fn_dec_floor_value (0.00s)
    --- PASS: TestNumericCatalogue/fn_float_int_float_____emits_[] (0.30s)
=== RUN   TestNativeOriginSets
--- PASS: TestNativeOriginSets (0.94s)
=== RUN   TestOwnerRecordBoundaryPositives
--- PASS: TestOwnerRecordBoundaryPositives (0.30s)
=== RUN   TestOwnerRecordForeignNegatives
=== RUN   TestOwnerRecordForeignNegatives/destructure
=== RUN   TestOwnerRecordForeignNegatives/typed_wire_is_not_the_owner
=== RUN   TestOwnerRecordForeignNegatives/constructor
=== RUN   TestOwnerRecordForeignNegatives/with_update
=== RUN   TestOwnerRecordForeignNegatives/field_read
=== RUN   TestOwnerRecordForeignNegatives/json_decode
=== RUN   TestOwnerRecordForeignNegatives/json_encode
--- PASS: TestOwnerRecordForeignNegatives (1.19s)
    --- PASS: TestOwnerRecordForeignNegatives/destructure (0.28s)
    --- PASS: TestOwnerRecordForeignNegatives/typed_wire_is_not_the_owner (0.28s)
    --- PASS: TestOwnerRecordForeignNegatives/constructor (0.02s)
    --- PASS: TestOwnerRecordForeignNegatives/with_update (0.29s)
    --- PASS: TestOwnerRecordForeignNegatives/field_read (0.29s)
    --- PASS: TestOwnerRecordForeignNegatives/json_decode (0.02s)
    --- PASS: TestOwnerRecordForeignNegatives/json_encode (0.02s)
=== RUN   TestOwnerRecordInPackageCodecRejection
--- PASS: TestOwnerRecordInPackageCodecRejection (0.02s)
=== RUN   TestOwnerRecordFixtureAdmission
=== RUN   TestOwnerRecordFixtureAdmission/assertion_input
=== RUN   TestOwnerRecordFixtureAdmission/supplied_completion
=== RUN   TestOwnerRecordFixtureAdmission/template_use_argument
--- PASS: TestOwnerRecordFixtureAdmission (0.05s)
    --- PASS: TestOwnerRecordFixtureAdmission/assertion_input (0.02s)
    --- PASS: TestOwnerRecordFixtureAdmission/supplied_completion (0.02s)
    --- PASS: TestOwnerRecordFixtureAdmission/template_use_argument (0.02s)
=== RUN   TestPatternBindCapturesAtEveryDepth
--- PASS: TestPatternBindCapturesAtEveryDepth (0.30s)
=== RUN   TestPatternBareNominalHidesFields
--- PASS: TestPatternBareNominalHidesFields (0.28s)
=== RUN   TestPatternFinalArmTypoRejected
--- PASS: TestPatternFinalArmTypoRejected (0.28s)
=== RUN   TestPatternNestedTypoRejected
--- PASS: TestPatternNestedTypoRejected (0.28s)
=== RUN   TestPatternRefactoredLeafDiagnosesStaleArm
--- PASS: TestPatternRefactoredLeafDiagnosesStaleArm (0.56s)
=== RUN   TestPatternBareNameOutsideVariantRejected
--- PASS: TestPatternBareNameOutsideVariantRejected (0.56s)
=== RUN   TestPatternBindDuplicatesAndAlternatives
--- PASS: TestPatternBindDuplicatesAndAlternatives (1.13s)
=== RUN   TestProgramConnectsFilesAndInitialization
--- PASS: TestProgramConnectsFilesAndInitialization (0.29s)
=== RUN   TestProgramRefusesInvalidEntryAndBodies
=== RUN   TestProgramRefusesInvalidEntryAndBodies/wrong_result
=== RUN   TestProgramRefusesInvalidEntryAndBodies/wrong_input
=== RUN   TestProgramRefusesInvalidEntryAndBodies/missing_entry
=== RUN   TestProgramRefusesInvalidEntryAndBodies/static_mismatch
=== RUN   TestProgramRefusesInvalidEntryAndBodies/unknown_call
=== RUN   TestProgramRefusesInvalidEntryAndBodies/bad_unused_body
=== RUN   TestProgramRefusesInvalidEntryAndBodies/initialization_cycle
--- PASS: TestProgramRefusesInvalidEntryAndBodies (1.19s)
    --- PASS: TestProgramRefusesInvalidEntryAndBodies/wrong_result (0.01s)
    --- PASS: TestProgramRefusesInvalidEntryAndBodies/wrong_input (0.01s)
    --- PASS: TestProgramRefusesInvalidEntryAndBodies/missing_entry (0.01s)
    --- PASS: TestProgramRefusesInvalidEntryAndBodies/static_mismatch (0.29s)
    --- PASS: TestProgramRefusesInvalidEntryAndBodies/unknown_call (0.29s)
    --- PASS: TestProgramRefusesInvalidEntryAndBodies/bad_unused_body (0.29s)
    --- PASS: TestProgramRefusesInvalidEntryAndBodies/initialization_cycle (0.28s)
=== RUN   TestProgramChecksMethodsAndNestedRegions
--- PASS: TestProgramChecksMethodsAndNestedRegions (0.28s)
=== RUN   TestParseRawFixtureValid
--- PASS: TestParseRawFixtureValid (0.00s)
=== RUN   TestParseRawFixtureRejects
=== RUN   TestParseRawFixtureRejects/no-body
=== RUN   TestParseRawFixtureRejects/base64
=== RUN   TestParseRawFixtureRejects/status
=== RUN   TestParseRawFixtureRejects/both-outcome
=== RUN   TestParseRawFixtureRejects/head-body
=== RUN   TestParseRawFixtureRejects/schema
=== RUN   TestParseRawFixtureRejects/duplicate
=== RUN   TestParseRawFixtureRejects/unknown
=== RUN   TestParseRawFixtureRejects/method
=== RUN   TestParseRawFixtureRejects/phase
=== RUN   TestParseRawFixtureRejects/json-dup
=== RUN   TestParseRawFixtureRejects/url
=== RUN   TestParseRawFixtureRejects/both-body
--- PASS: TestParseRawFixtureRejects (0.00s)
    --- PASS: TestParseRawFixtureRejects/no-body (0.00s)
    --- PASS: TestParseRawFixtureRejects/base64 (0.00s)
    --- PASS: TestParseRawFixtureRejects/status (0.00s)
    --- PASS: TestParseRawFixtureRejects/both-outcome (0.00s)
    --- PASS: TestParseRawFixtureRejects/head-body (0.00s)
    --- PASS: TestParseRawFixtureRejects/schema (0.00s)
    --- PASS: TestParseRawFixtureRejects/duplicate (0.00s)
    --- PASS: TestParseRawFixtureRejects/unknown (0.00s)
    --- PASS: TestParseRawFixtureRejects/method (0.00s)
    --- PASS: TestParseRawFixtureRejects/phase (0.00s)
    --- PASS: TestParseRawFixtureRejects/json-dup (0.00s)
    --- PASS: TestParseRawFixtureRejects/url (0.00s)
    --- PASS: TestParseRawFixtureRejects/both-body (0.00s)
=== RUN   TestRawFixtureBindingRejects
--- PASS: TestRawFixtureBindingRejects (0.86s)
=== RUN   TestParseRawFixtureFailures
--- PASS: TestParseRawFixtureFailures (0.00s)
=== RUN   TestS3FixtureAdmitsOperationContracts
--- PASS: TestS3FixtureAdmitsOperationContracts (0.48s)
=== RUN   TestS3SuppliedFixturesAttachToWireBoundaries
--- PASS: TestS3SuppliedFixturesAttachToWireBoundaries (0.48s)
=== RUN   TestScenarioLinkResolves
--- PASS: TestScenarioLinkResolves (0.29s)
=== RUN   TestScenarioLinkSamePackageNeedsNoExport
--- PASS: TestScenarioLinkSamePackageNeedsNoExport (0.29s)
=== RUN   TestScenarioLinkStale
=== RUN   TestScenarioLinkStale/unknown_scenario
=== RUN   TestScenarioLinkStale/renamed_scenario
=== RUN   TestScenarioLinkStale/renamed_qualifier
=== RUN   TestScenarioLinkStale/unexported
--- PASS: TestScenarioLinkStale (1.21s)
    --- PASS: TestScenarioLinkStale/unknown_scenario (0.28s)
    --- PASS: TestScenarioLinkStale/renamed_scenario (0.29s)
    --- PASS: TestScenarioLinkStale/renamed_qualifier (0.33s)
    --- PASS: TestScenarioLinkStale/unexported (0.31s)
=== RUN   TestScenarioLinkRespectsAlias
--- PASS: TestScenarioLinkRespectsAlias (0.31s)
=== RUN   TestScenarioLinkAmbiguous
--- PASS: TestScenarioLinkAmbiguous (0.58s)
=== RUN   TestScenarioPlacementRejects
=== RUN   TestScenarioPlacementRejects/unknown_tag
=== RUN   TestScenarioPlacementRejects/duplicate_link
=== RUN   TestScenarioPlacementRejects/non-scenario_use
=== RUN   TestScenarioPlacementRejects/tag_in_asserts
=== RUN   TestScenarioPlacementRejects/link_in_when
--- PASS: TestScenarioPlacementRejects (1.44s)
    --- PASS: TestScenarioPlacementRejects/unknown_tag (0.29s)
    --- PASS: TestScenarioPlacementRejects/duplicate_link (0.29s)
    --- PASS: TestScenarioPlacementRejects/non-scenario_use (0.29s)
    --- PASS: TestScenarioPlacementRejects/tag_in_asserts (0.29s)
    --- PASS: TestScenarioPlacementRejects/link_in_when (0.28s)
=== RUN   TestScenarioTwoSequentialLinks
--- PASS: TestScenarioTwoSequentialLinks (0.28s)
=== RUN   TestScenarioUseRowInheritsTag
--- PASS: TestScenarioUseRowInheritsTag (0.28s)
=== RUN   TestScenarioMalformedSidecar
--- PASS: TestScenarioMalformedSidecar (0.28s)
=== RUN   TestServerFixtureAdmitsConfigurationContracts
--- PASS: TestServerFixtureAdmitsConfigurationContracts (0.30s)
=== RUN   TestServerSuppliedFixturesAttachToLifecycle
--- PASS: TestServerSuppliedFixturesAttachToLifecycle (0.31s)
=== RUN   TestServerLifecycleRejectsMismatches
=== RUN   TestServerLifecycleRejectsMismatches/config_stop_argument
=== RUN   TestServerLifecycleRejectsMismatches/config_wait_argument
=== RUN   TestServerLifecycleRejectsMismatches/fixture_arity
=== RUN   TestServerLifecycleRejectsMismatches/opaque_fixture_value
=== RUN   TestServerLifecycleRejectsMismatches/fixture_token_mismatch
=== RUN   TestServerLifecycleRejectsMismatches/missing_bind_emission
=== RUN   TestServerLifecycleRejectsMismatches/swapped_start_arguments
--- PASS: TestServerLifecycleRejectsMismatches (2.08s)
    --- PASS: TestServerLifecycleRejectsMismatches/config_stop_argument (0.30s)
    --- PASS: TestServerLifecycleRejectsMismatches/config_wait_argument (0.30s)
    --- PASS: TestServerLifecycleRejectsMismatches/fixture_arity (0.29s)
    --- PASS: TestServerLifecycleRejectsMismatches/opaque_fixture_value (0.30s)
    --- PASS: TestServerLifecycleRejectsMismatches/fixture_token_mismatch (0.30s)
    --- PASS: TestServerLifecycleRejectsMismatches/missing_bind_emission (0.29s)
    --- PASS: TestServerLifecycleRejectsMismatches/swapped_start_arguments (0.29s)
=== RUN   TestLexicalSitesUseSyntaxPreorder
--- PASS: TestLexicalSitesUseSyntaxPreorder (0.00s)
=== RUN   TestFixtureSiteIgnoresCheckerLocalAllocation
--- PASS: TestFixtureSiteIgnoresCheckerLocalAllocation (0.56s)
=== RUN   TestExplicitGenericFunctionInstances
--- PASS: TestExplicitGenericFunctionInstances (0.29s)
=== RUN   TestGenericWholeBodyAndRecursion
=== RUN   TestGenericWholeBodyAndRecursion/same_instance_recursion
=== RUN   TestGenericWholeBodyAndRecursion/invalid_unused_branch
=== RUN   TestGenericWholeBodyAndRecursion/expanding_recursion
=== RUN   TestGenericWholeBodyAndRecursion/inferred_expanding_recursion
--- PASS: TestGenericWholeBodyAndRecursion (1.17s)
    --- PASS: TestGenericWholeBodyAndRecursion/same_instance_recursion (0.30s)
    --- PASS: TestGenericWholeBodyAndRecursion/invalid_unused_branch (0.29s)
    --- PASS: TestGenericWholeBodyAndRecursion/expanding_recursion (0.29s)
    --- PASS: TestGenericWholeBodyAndRecursion/inferred_expanding_recursion (0.29s)
=== RUN   TestExplicitGenericCallableReference
--- PASS: TestExplicitGenericCallableReference (0.28s)
=== RUN   TestGenericCallInference
=== RUN   TestGenericCallInference/conflicting_fixed_arguments
=== RUN   TestGenericCallInference/arity
=== RUN   TestGenericCallInference/conflicting_expected_result
--- PASS: TestGenericCallInference (1.23s)
    --- PASS: TestGenericCallInference/conflicting_fixed_arguments (0.33s)
    --- PASS: TestGenericCallInference/arity (0.30s)
    --- PASS: TestGenericCallInference/conflicting_expected_result (0.30s)
=== RUN   TestGenericAssertionsOwnInstances
--- PASS: TestGenericAssertionsOwnInstances (0.92s)
=== RUN   TestGenericReferenceInference
=== RUN   TestGenericReferenceInference/capture_conflicts_with_expected
=== RUN   TestGenericReferenceInference/nonidentical_callable_inputs
--- PASS: TestGenericReferenceInference (0.96s)
    --- PASS: TestGenericReferenceInference/capture_conflicts_with_expected (0.31s)
    --- PASS: TestGenericReferenceInference/nonidentical_callable_inputs (0.30s)
=== RUN   TestGenericConstructorInference
=== RUN   TestGenericConstructorInference/conflicting_expected
=== RUN   TestGenericConstructorInference/conflicting_fields
=== RUN   TestGenericConstructorInference/wrong_arity
--- PASS: TestGenericConstructorInference (1.15s)
    --- PASS: TestGenericConstructorInference/conflicting_expected (0.29s)
    --- PASS: TestGenericConstructorInference/conflicting_fields (0.29s)
    --- PASS: TestGenericConstructorInference/wrong_arity (0.28s)
=== RUN   TestGenericMethods
--- PASS: TestGenericMethods (0.59s)
=== RUN   TestGenericCrossModuleIdentity
--- PASS: TestGenericCrossModuleIdentity (0.59s)
=== RUN   TestFiniteGenericTransitionsIgnoreCacheOrder
--- PASS: TestFiniteGenericTransitionsIgnoreCacheOrder (1.13s)
=== RUN   TestGenericLiteralSpreadPreservesExpectedElements
--- PASS: TestGenericLiteralSpreadPreservesExpectedElements (0.56s)
=== RUN   TestFiniteGenericFieldChainIgnoresAssertionOrder
=== RUN   TestFiniteGenericFieldChainIgnoresAssertionOrder/unloaded
=== RUN   TestFiniteGenericFieldChainIgnoresAssertionOrder/first
=== RUN   TestFiniteGenericFieldChainIgnoresAssertionOrder/last
--- PASS: TestFiniteGenericFieldChainIgnoresAssertionOrder (0.85s)
    --- PASS: TestFiniteGenericFieldChainIgnoresAssertionOrder/unloaded (0.28s)
    --- PASS: TestFiniteGenericFieldChainIgnoresAssertionOrder/first (0.28s)
    --- PASS: TestFiniteGenericFieldChainIgnoresAssertionOrder/last (0.29s)
=== RUN   TestSQLDescriptorChecks
--- PASS: TestSQLDescriptorChecks (0.28s)
=== RUN   TestSQLDescriptorOptionAndBytesFields
--- PASS: TestSQLDescriptorOptionAndBytesFields (0.27s)
=== RUN   TestSQLQuerySpecializes
--- PASS: TestSQLQuerySpecializes (0.29s)
=== RUN   TestSQLQueryRejects
--- PASS: TestSQLQueryRejects (2.30s)
=== RUN   TestSQLDescriptorRejects
--- PASS: TestSQLDescriptorRejects (2.95s)
=== RUN   TestPoolInputsElideInAssertions
--- PASS: TestPoolInputsElideInAssertions (0.27s)
=== RUN   TestStandardSnapshotContracts
=== RUN   TestStandardSnapshotContracts/store_and_project
=== RUN   TestStandardSnapshotContracts/aggregate_leaf_projects
=== RUN   TestStandardSnapshotContracts/update
=== RUN   TestStandardSnapshotContracts/construct
=== RUN   TestStandardSnapshotContracts/emits
=== RUN   TestStandardSnapshotContracts/wire
--- PASS: TestStandardSnapshotContracts (0.56s)
    --- PASS: TestStandardSnapshotContracts/store_and_project (0.27s)
    --- PASS: TestStandardSnapshotContracts/aggregate_leaf_projects (0.27s)
    --- PASS: TestStandardSnapshotContracts/update (0.00s)
    --- PASS: TestStandardSnapshotContracts/construct (0.01s)
    --- PASS: TestStandardSnapshotContracts/emits (0.00s)
    --- PASS: TestStandardSnapshotContracts/wire (0.00s)
=== RUN   TestSymbolicCrossPackageChain
--- PASS: TestSymbolicCrossPackageChain (0.29s)
=== RUN   TestSymbolicMutualPermutation
--- PASS: TestSymbolicMutualPermutation (0.28s)
=== RUN   TestSymbolicDuplicationDrop
--- PASS: TestSymbolicDuplicationDrop (0.28s)
=== RUN   TestSymbolicClosedComponent
--- PASS: TestSymbolicClosedComponent (0.27s)
=== RUN   TestSymbolicInferredMutual
--- PASS: TestSymbolicInferredMutual (0.28s)
=== RUN   TestSymbolicCallableThroughChain
--- PASS: TestSymbolicCallableThroughChain (0.28s)
=== RUN   TestSymbolicExactEmitsThroughChain
--- PASS: TestSymbolicExactEmitsThroughChain (0.56s)
=== RUN   TestSymbolicRejectsPrivateCallee
--- PASS: TestSymbolicRejectsPrivateCallee (0.34s)
=== RUN   TestSymbolicCalleeArithmeticFailsAtCallee
--- PASS: TestSymbolicCalleeArithmeticFailsAtCallee (0.31s)
=== RUN   TestSymbolicRejectsNestedGrowth
--- PASS: TestSymbolicRejectsNestedGrowth (0.28s)
=== RUN   TestSymbolicRejectsSelfGrowth
--- PASS: TestSymbolicRejectsSelfGrowth (0.28s)
=== RUN   TestSymbolicRejectsFailedComponentReuse
--- PASS: TestSymbolicRejectsFailedComponentReuse (0.29s)
=== RUN   TestSymbolicOwnerPassthrough
--- PASS: TestSymbolicOwnerPassthrough (0.30s)
=== RUN   TestSymbolicRejectsOwnerConstruction
--- PASS: TestSymbolicRejectsOwnerConstruction (0.27s)
=== RUN   TestFixtureTemplateExpansion
--- PASS: TestFixtureTemplateExpansion (0.29s)
=== RUN   TestFixtureTemplateRejects
=== RUN   TestFixtureTemplateRejects/reference_call_site
=== RUN   TestFixtureTemplateRejects/executable_case
=== RUN   TestFixtureTemplateRejects/use_in_attached_row
=== RUN   TestFixtureTemplateRejects/executable_outcome
=== RUN   TestFixtureTemplateRejects/unknown_template
=== RUN   TestFixtureTemplateRejects/arity
=== RUN   TestFixtureTemplateRejects/argument_type
=== RUN   TestFixtureTemplateRejects/captured_local
=== RUN   TestFixtureTemplateRejects/wrong_exact_target
=== RUN   TestFixtureTemplateRejects/question_target
=== RUN   TestFixtureTemplateRejects/callable_value_target
=== RUN   TestFixtureTemplateRejects/duplicate_parameter
=== RUN   TestFixtureTemplateRejects/captured_fn_input
=== RUN   TestFixtureTemplateRejects/using_failure_in_case
=== RUN   TestFixtureTemplateRejects/executable_argument
--- PASS: TestFixtureTemplateRejects (4.07s)
    --- PASS: TestFixtureTemplateRejects/reference_call_site (0.28s)
    --- PASS: TestFixtureTemplateRejects/executable_case (0.27s)
    --- PASS: TestFixtureTemplateRejects/use_in_attached_row (0.30s)
    --- PASS: TestFixtureTemplateRejects/executable_outcome (0.29s)
    --- PASS: TestFixtureTemplateRejects/unknown_template (0.35s)
    --- PASS: TestFixtureTemplateRejects/arity (0.32s)
    --- PASS: TestFixtureTemplateRejects/argument_type (0.29s)
    --- PASS: TestFixtureTemplateRejects/captured_local (0.28s)
    --- PASS: TestFixtureTemplateRejects/wrong_exact_target (0.28s)
    --- PASS: TestFixtureTemplateRejects/question_target (0.27s)
    --- PASS: TestFixtureTemplateRejects/callable_value_target (0.28s)
    --- PASS: TestFixtureTemplateRejects/duplicate_parameter (0.00s)
    --- PASS: TestFixtureTemplateRejects/captured_fn_input (0.29s)
    --- PASS: TestFixtureTemplateRejects/using_failure_in_case (0.28s)
    --- PASS: TestFixtureTemplateRejects/executable_argument (0.29s)
=== RUN   TestFixtureShadowedStaticKeepsStaticMeaning
--- PASS: TestFixtureShadowedStaticKeepsStaticMeaning (0.28s)
=== RUN   TestFixtureNativeTargetWithRaw
--- PASS: TestFixtureNativeTargetWithRaw (0.55s)
=== RUN   TestFixtureImportedTemplateResolvesRawAtDefinition
--- PASS: TestFixtureImportedTemplateResolvesRawAtDefinition (0.27s)
=== RUN   TestFixtureExpansionTagsDefinitionSources
--- PASS: TestFixtureExpansionTagsDefinitionSources (0.29s)
=== RUN   TestFixtureJudgeGroupedTarget
--- PASS: TestFixtureJudgeGroupedTarget (0.27s)
=== RUN   TestFixtureGenericTarget
--- PASS: TestFixtureGenericTarget (1.06s)
=== RUN   TestFixtureWrapperTarget
--- PASS: TestFixtureWrapperTarget (0.57s)
=== RUN   TestFixtureCatalogueTarget
--- PASS: TestFixtureCatalogueTarget (0.28s)
=== RUN   TestFixtureObligation
--- PASS: TestFixtureObligation (0.61s)
=== RUN   TestFixtureObligationCrossFile
--- PASS: TestFixtureObligationCrossFile (0.30s)
=== RUN   TestTextCatalogue
=== RUN   TestTextCatalogue/text::join(...[...[[1]]],
=== RUN   TestTextCatalogue/retain<str>(...[...[[1]]])
=== RUN   TestTextCatalogue/ok_[...([...[[],_[1]]])]
=== RUN   TestTextCatalogue/value.includes(1)
=== RUN   TestTextCatalogue/value.locale_lower_case()
=== RUN   TestTextCatalogue/text::from_scalars([1.0])
=== RUN   TestTextCatalogue/fn_str[]_split_____emits_[]
--- PASS: TestTextCatalogue (2.53s)
    --- PASS: TestTextCatalogue/text::join(...[...[[1]]], (0.33s)
    --- PASS: TestTextCatalogue/retain<str>(...[...[[1]]]) (0.34s)
    --- PASS: TestTextCatalogue/ok_[...([...[[],_[1]]])] (0.34s)
    --- PASS: TestTextCatalogue/value.includes(1) (0.28s)
    --- PASS: TestTextCatalogue/value.locale_lower_case() (0.28s)
    --- PASS: TestTextCatalogue/text::from_scalars([1.0]) (0.30s)
    --- PASS: TestTextCatalogue/fn_str[]_split_____emits_[] (0.28s)
=== RUN   TestNestedSpreadRetainsExistingArrayInvariance
--- PASS: TestNestedSpreadRetainsExistingArrayInvariance (0.27s)
=== RUN   TestSQLTransactionAccepts
--- PASS: TestSQLTransactionAccepts (0.28s)
=== RUN   TestSQLTransactionOptionalPopulatesOptionIdentities
--- PASS: TestSQLTransactionOptionalPopulatesOptionIdentities (0.27s)
=== RUN   TestSQLTransactionRejects
=== RUN   TestSQLTransactionRejects/callback_emits
=== RUN   TestSQLTransactionRejects/callback_result
=== RUN   TestSQLTransactionRejects/callback_scope_input
=== RUN   TestSQLTransactionRejects/void_result
=== RUN   TestSQLTransactionRejects/missing_type_args
=== RUN   TestSQLTransactionRejects/wrong_callback_target
=== RUN   TestSQLTransactionRejects/wrong_cardinality
--- PASS: TestSQLTransactionRejects (1.85s)
    --- PASS: TestSQLTransactionRejects/callback_emits (0.27s)
    --- PASS: TestSQLTransactionRejects/callback_result (0.26s)
    --- PASS: TestSQLTransactionRejects/callback_scope_input (0.26s)
    --- PASS: TestSQLTransactionRejects/void_result (0.26s)
    --- PASS: TestSQLTransactionRejects/missing_type_args (0.26s)
    --- PASS: TestSQLTransactionRejects/wrong_callback_target (0.27s)
    --- PASS: TestSQLTransactionRejects/wrong_cardinality (0.27s)
=== RUN   TestGenericVariantDirectBridgeLeafConversion
=== RUN   TestGenericVariantDirectBridgeLeafConversion/bridge
=== RUN   TestGenericVariantDirectBridgeLeafConversion/leaf
=== RUN   TestGenericVariantDirectBridgeLeafConversion/direct
--- PASS: TestGenericVariantDirectBridgeLeafConversion (0.81s)
    --- PASS: TestGenericVariantDirectBridgeLeafConversion/bridge (0.26s)
    --- PASS: TestGenericVariantDirectBridgeLeafConversion/leaf (0.26s)
    --- PASS: TestGenericVariantDirectBridgeLeafConversion/direct (0.29s)
=== RUN   TestNestedGenericVariantConversion
--- PASS: TestNestedGenericVariantConversion (0.27s)
=== RUN   TestOptionConversion
=== RUN   TestOptionConversion/variant_to_variant
=== RUN   TestOptionConversion/leaf_to_wrong_specialization
--- PASS: TestOptionConversion (0.82s)
    --- PASS: TestOptionConversion/variant_to_variant (0.27s)
    --- PASS: TestOptionConversion/leaf_to_wrong_specialization (0.27s)
=== RUN   TestGenericVariantIncompatibleRecords
=== RUN   TestGenericVariantIncompatibleRecords/unlisted_leaf
=== RUN   TestGenericVariantIncompatibleRecords/generic_record
=== RUN   TestGenericVariantIncompatibleRecords/distinct_generic_leaves
--- PASS: TestGenericVariantIncompatibleRecords (0.89s)
    --- PASS: TestGenericVariantIncompatibleRecords/unlisted_leaf (0.27s)
    --- PASS: TestGenericVariantIncompatibleRecords/generic_record (0.28s)
    --- PASS: TestGenericVariantIncompatibleRecords/distinct_generic_leaves (0.33s)
=== RUN   TestGenericVariantExhaustiveness
--- PASS: TestGenericVariantExhaustiveness (0.57s)
=== RUN   TestWrapperCalculatedBound
--- PASS: TestWrapperCalculatedBound (0.30s)
=== RUN   TestWrapperThreeGenerationOverride
--- PASS: TestWrapperThreeGenerationOverride (0.29s)
=== RUN   TestWrapperObligationDiagnostic
--- PASS: TestWrapperObligationDiagnostic (0.57s)
=== RUN   TestWrapTestdataContracts
--- PASS: TestWrapTestdataContracts (0.31s)
=== RUN   TestWrapperJudgeStateGroup
--- PASS: TestWrapperJudgeStateGroup (0.60s)
=== RUN   TestWrapperRejects
=== RUN   TestWrapperRejects/question_base
=== RUN   TestWrapperRejects/llm_base
=== RUN   TestWrapperRejects/impossible_native_key
=== RUN   TestWrapperRejects/duplicate_key
=== RUN   TestWrapperRejects/function_base
=== RUN   TestWrapperRejects/self_base
=== RUN   TestWrapperRejects/mutual_base
=== RUN   TestWrapperRejects/inherit_outside_handler
=== RUN   TestWrapperRejects/bad_transport_phase
=== RUN   TestWrapperRejects/consumer_injection
=== RUN   TestWrapperRejects/cross-origin_injection
=== RUN   TestWrapperRejects/missing_key_coverage
=== RUN   TestWrapperRejects/self_call_cycle
--- PASS: TestWrapperRejects (2.39s)
    --- PASS: TestWrapperRejects/question_base (0.00s)
    --- PASS: TestWrapperRejects/llm_base (0.00s)
    --- PASS: TestWrapperRejects/impossible_native_key (0.30s)
    --- PASS: TestWrapperRejects/duplicate_key (0.29s)
    --- PASS: TestWrapperRejects/function_base (0.00s)
    --- PASS: TestWrapperRejects/self_base (0.00s)
    --- PASS: TestWrapperRejects/mutual_base (0.00s)
    --- PASS: TestWrapperRejects/inherit_outside_handler (0.28s)
    --- PASS: TestWrapperRejects/bad_transport_phase (0.28s)
    --- PASS: TestWrapperRejects/consumer_injection (0.31s)
    --- PASS: TestWrapperRejects/cross-origin_injection (0.28s)
    --- PASS: TestWrapperRejects/missing_key_coverage (0.33s)
    --- PASS: TestWrapperRejects/self_call_cycle (0.29s)
=== RUN   TestBoundCycleObligation
--- PASS: TestBoundCycleObligation (0.29s)
=== RUN   TestWebSocketFixtureAdmitsOperationContracts
--- PASS: TestWebSocketFixtureAdmitsOperationContracts (0.37s)
=== RUN   TestWebSocketSuppliedFixturesAttachToRelay
--- PASS: TestWebSocketSuppliedFixturesAttachToRelay (0.38s)
=== RUN   TestExactErrorBoundsAndAllocation
--- PASS: TestExactErrorBoundsAndAllocation (0.01s)
=== RUN   TestNumberedErrorDeclarationsRejected
=== RUN   TestNumberedErrorDeclarationsRejected/1000000
=== RUN   TestNumberedErrorDeclarationsRejected/0xf4240
=== RUN   TestNumberedErrorDeclarationsRejected/0b11110100001001000000
=== RUN   TestNumberedErrorDeclarationsRejected/0o3641100
--- PASS: TestNumberedErrorDeclarationsRejected (0.00s)
    --- PASS: TestNumberedErrorDeclarationsRejected/1000000 (0.00s)
    --- PASS: TestNumberedErrorDeclarationsRejected/0xf4240 (0.00s)
    --- PASS: TestNumberedErrorDeclarationsRejected/0b11110100001001000000 (0.00s)
    --- PASS: TestNumberedErrorDeclarationsRejected/0o3641100 (0.00s)
=== RUN   TestErrorRegistryRejectsBrokenWorldAgreement
=== RUN   TestErrorRegistryRejectsBrokenWorldAgreement/duplicate
=== RUN   TestErrorRegistryRejectsBrokenWorldAgreement/mismatch
=== RUN   TestErrorRegistryRejectsBrokenWorldAgreement/missing
=== RUN   TestErrorRegistryRejectsBrokenWorldAgreement/retired
=== RUN   TestErrorRegistryRejectsBrokenWorldAgreement/redeclare
=== RUN   TestErrorRegistryRejectsBrokenWorldAgreement/owner
=== RUN   TestErrorRegistryRejectsBrokenWorldAgreement/chain
=== RUN   TestErrorRegistryRejectsBrokenWorldAgreement/unchained
--- PASS: TestErrorRegistryRejectsBrokenWorldAgreement (0.07s)
    --- PASS: TestErrorRegistryRejectsBrokenWorldAgreement/duplicate (0.01s)
    --- PASS: TestErrorRegistryRejectsBrokenWorldAgreement/mismatch (0.01s)
    --- PASS: TestErrorRegistryRejectsBrokenWorldAgreement/missing (0.01s)
    --- PASS: TestErrorRegistryRejectsBrokenWorldAgreement/retired (0.01s)
    --- PASS: TestErrorRegistryRejectsBrokenWorldAgreement/redeclare (0.01s)
    --- PASS: TestErrorRegistryRejectsBrokenWorldAgreement/owner (0.01s)
    --- PASS: TestErrorRegistryRejectsBrokenWorldAgreement/chain (0.01s)
    --- PASS: TestErrorRegistryRejectsBrokenWorldAgreement/unchained (0.01s)
=== RUN   TestEmittedFailurePlanOnQualifiedBun
    errors_test.go:282: checked error plans and projections passed
--- PASS: TestEmittedFailurePlanOnQualifiedBun (0.06s)
=== RUN   TestResolveExactArm
--- PASS: TestResolveExactArm (0.01s)
PASS
ok  	github.com/veighnsche/can-lang/compiler/internal/check	258.809s
=== RUN   TestArtifactIdentityAndClosedImports
=== RUN   TestArtifactIdentityAndClosedImports/manifest.json/extra.ts
=== RUN   TestArtifactIdentityAndClosedImports/MANIFEST.JSON/extra.ts
=== RUN   TestArtifactIdentityAndClosedImports/Manifest.Json
=== RUN   TestArtifactIdentityAndClosedImports/../entry.ts
=== RUN   TestArtifactIdentityAndClosedImports//entry.ts
=== RUN   TestArtifactIdentityAndClosedImports/packages/../entry.ts
=== RUN   TestArtifactIdentityAndClosedImports/packages/A.ts
=== RUN   TestArtifactIdentityAndClosedImports/packages/CON.ts
=== RUN   TestArtifactIdentityAndClosedImports/packages/a.ts.
=== RUN   TestArtifactIdentityAndClosedImports/packages/a\b.ts
=== RUN   TestArtifactIdentityAndClosedImports/ambient
=== RUN   TestArtifactIdentityAndClosedImports//absolute.ts
=== RUN   TestArtifactIdentityAndClosedImports/./missing.ts
=== RUN   TestArtifactIdentityAndClosedImports/../../../outside.ts
=== RUN   TestArtifactIdentityAndClosedImports/./packages/p-a/a.ts?x
=== RUN   TestArtifactIdentityAndClosedImports/./packages/p-a/a
--- PASS: TestArtifactIdentityAndClosedImports (0.00s)
    --- PASS: TestArtifactIdentityAndClosedImports/manifest.json/extra.ts (0.00s)
    --- PASS: TestArtifactIdentityAndClosedImports/MANIFEST.JSON/extra.ts (0.00s)
    --- PASS: TestArtifactIdentityAndClosedImports/Manifest.Json (0.00s)
    --- PASS: TestArtifactIdentityAndClosedImports/../entry.ts (0.00s)
    --- PASS: TestArtifactIdentityAndClosedImports//entry.ts (0.00s)
    --- PASS: TestArtifactIdentityAndClosedImports/packages/../entry.ts (0.00s)
    --- PASS: TestArtifactIdentityAndClosedImports/packages/A.ts (0.00s)
    --- PASS: TestArtifactIdentityAndClosedImports/packages/CON.ts (0.00s)
    --- PASS: TestArtifactIdentityAndClosedImports/packages/a.ts. (0.00s)
    --- PASS: TestArtifactIdentityAndClosedImports/packages/a\b.ts (0.00s)
    --- PASS: TestArtifactIdentityAndClosedImports/ambient (0.00s)
    --- PASS: TestArtifactIdentityAndClosedImports//absolute.ts (0.00s)
    --- PASS: TestArtifactIdentityAndClosedImports/./missing.ts (0.00s)
    --- PASS: TestArtifactIdentityAndClosedImports/../../../outside.ts (0.00s)
    --- PASS: TestArtifactIdentityAndClosedImports/./packages/p-a/a.ts?x (0.00s)
    --- PASS: TestArtifactIdentityAndClosedImports/./packages/p-a/a (0.00s)
=== RUN   TestArtifactMetadataAndPayloadRefusals
--- PASS: TestArtifactMetadataAndPayloadRefusals (0.00s)
=== RUN   TestNormalizeBundleScriptBindsTrailer
--- PASS: TestNormalizeBundleScriptBindsTrailer (0.00s)
=== RUN   TestNormalizeBundleScriptRejects
--- PASS: TestNormalizeBundleScriptRejects (0.00s)
=== RUN   TestNormalizeBundleMapRewritesSources
--- PASS: TestNormalizeBundleMapRewritesSources (0.00s)
=== RUN   TestNormalizeBundleMapRejects
--- PASS: TestNormalizeBundleMapRejects (0.00s)
=== RUN   TestResolveBundleSource
--- PASS: TestResolveBundleSource (0.00s)
=== RUN   TestRelativeModuleSpecifier
--- PASS: TestRelativeModuleSpecifier (0.00s)
=== RUN   TestApplyBrowserOverlay
--- PASS: TestApplyBrowserOverlay (0.00s)
=== RUN   TestApplyBrowserOverlaySkipsSelfAndMissing
--- PASS: TestApplyBrowserOverlaySkipsSelfAndMissing (0.00s)
=== RUN   TestApplyBrowserOverlayFailsClosed
--- PASS: TestApplyBrowserOverlayFailsClosed (0.00s)
=== RUN   TestSealBrowserDiagnosticTable
--- PASS: TestSealBrowserDiagnosticTable (0.00s)
=== RUN   TestSealBrowserDiagnosticTableRejects
--- PASS: TestSealBrowserDiagnosticTableRejects (0.00s)
=== RUN   TestSealBrowserEntryTable
--- PASS: TestSealBrowserEntryTable (0.00s)
=== RUN   TestAuditBrowserBundleWiring
--- PASS: TestAuditBrowserBundleWiring (0.00s)
=== RUN   TestBrowserManifestBytes
--- PASS: TestBrowserManifestBytes (0.00s)
=== RUN   TestBrowserAssetRoute
--- PASS: TestBrowserAssetRoute (0.00s)
=== RUN   TestBuildBrowserBundleRequiresDistribution
--- PASS: TestBuildBrowserBundleRequiresDistribution (0.00s)
=== RUN   TestBuildTargetRejectsUnknownTarget
--- PASS: TestBuildTargetRejectsUnknownTarget (0.00s)
=== RUN   TestAppendBrowserAssetBindsModules
--- PASS: TestAppendBrowserAssetBindsModules (0.00s)
=== RUN   TestSummarizeBuildRootsRequiresEveryRoot
--- PASS: TestSummarizeBuildRootsRequiresEveryRoot (0.00s)
=== RUN   TestCheckSnapshotHealthy
--- PASS: TestCheckSnapshotHealthy (0.48s)
=== RUN   TestCheckSnapshotParseError
--- PASS: TestCheckSnapshotParseError (0.00s)
=== RUN   TestCheckSnapshotCheckErrorSpan
--- PASS: TestCheckSnapshotCheckErrorSpan (1.65s)
=== RUN   TestCheckSnapshotResolveErrorSpan
--- PASS: TestCheckSnapshotResolveErrorSpan (0.00s)
=== RUN   TestCheckSnapshotAstralSpan
--- PASS: TestCheckSnapshotAstralSpan (0.54s)
=== RUN   TestSemanticDiagnosticUnavailable
--- PASS: TestSemanticDiagnosticUnavailable (0.00s)
=== RUN   TestDefinitionGeneratedFields
--- PASS: TestDefinitionGeneratedFields (0.03s)
=== RUN   TestDefinitionJumps
--- PASS: TestDefinitionJumps (0.49s)
=== RUN   TestValidateFixMissingArm
--- PASS: TestValidateFixMissingArm (2.13s)
=== RUN   TestInvoiceGridChecks
--- PASS: TestInvoiceGridChecks (2.27s)
=== RUN   TestInvoiceGridBrowserClosure
--- PASS: TestInvoiceGridBrowserClosure (4.43s)
=== RUN   TestInvoiceGridCrossTargetContract
--- PASS: TestInvoiceGridCrossTargetContract (3.93s)
=== RUN   TestInvoiceGridBrowserEmission
--- PASS: TestInvoiceGridBrowserEmission (1.95s)
=== RUN   TestContractWorkspacePristine
    invoice_grid_test.go:829: contract evidence:
        [
          {
            "edit": "pristine",
            "phase": "relock",
            "target": "both",
            "result": "pass",
            "detail": "recomputed 16b137f9cfeb"
          },
          {
            "edit": "pristine",
            "phase": "agreement",
            "target": "both",
            "result": "pass",
            "detail": "3 shared actions agree"
          }
        ]
--- PASS: TestContractWorkspacePristine (4.22s)
=== RUN   TestContractEditRoute
    invoice_grid_test.go:874: contract evidence:
        [
          {
            "edit": "route",
            "phase": "relock",
            "target": "both",
            "result": "pass",
            "detail": "666ac634caac"
          },
          {
            "edit": "route",
            "phase": "check",
            "target": "both",
            "result": "pass",
            "detail": "no consumer repair"
          },
          {
            "edit": "route",
            "phase": "emit",
            "target": "grid",
            "result": "pass",
            "detail": "1a40f9501bdf"
          },
          {
            "edit": "route",
            "phase": "emit",
            "target": "server",
            "result": "pass",
            "detail": "880da8eec32c"
          },
          {
            "edit": "route",
            "phase": "audit",
            "target": "grid",
            "result": "reject",
            "detail": "mirror audit: /var/folders/5x/bpszcvmj1tddmjp35y21dt680000gn/T/TestContractEditRoute655030285/001/grid/src/web/web.can copies contract literal \"/api/\""
          }
        ]
--- PASS: TestContractEditRoute (5.06s)
=== RUN   TestContractEditCapture
    invoice_grid_test.go:938: contract evidence:
        [
          {
            "edit": "capture",
            "phase": "relock",
            "target": "both",
            "result": "pass",
            "detail": "073a9e3bba62"
          },
          {
            "edit": "capture",
            "phase": "stale",
            "target": "grid",
            "result": "reject",
            "detail": "concrete function can.project.root/model::operation_id: /private/var/folders/5x/bpszcvmj1tddmjp35y21dt680000gn/T/TestContractEditCapture729663461/001/grid/src/model/model.can region can.project.root/model::operation_id: expression at byte 11774: expression at byte 11774: expression at byte 11774: expression at byte 11774: expression at byte 11774: expression at byte 11824: expression at byte 11844: unknown field invoice_id"
          },
          {
            "edit": "capture",
            "phase": "stale",
            "target": "server",
            "result": "reject",
            "detail": "concrete function can.project.root/model::load_authorized: /private/var/folders/5x/bpszcvmj1tddmjp35y21dt680000gn/T/TestContractEditCapture729663461/001/server/src/model/model.can region can.project.root/model::load_authorized: expression at byte 108462: unknown field invoice_id"
          },
          {
            "edit": "capture",
            "phase": "check",
            "target": "both",
            "result": "pass",
            "detail": "12 named uses repaired"
          },
          {
            "edit": "capture",
            "phase": "emit",
            "target": "grid",
            "result": "pass",
            "detail": "3fc9776b9355"
          },
          {
            "edit": "capture",
            "phase": "emit",
            "target": "server",
            "result": "pass",
            "detail": "e97b45b168ca"
          }
        ]
--- PASS: TestContractEditCapture (5.83s)
=== RUN   TestContractEditField
    invoice_grid_test.go:982: contract evidence:
        [
          {
            "edit": "field",
            "phase": "relock",
            "target": "both",
            "result": "pass",
            "detail": "8debc04bad96"
          },
          {
            "edit": "field",
            "phase": "stale",
            "target": "server",
            "result": "reject",
            "detail": "concrete function can.project.root/model::check_json_save: /private/var/folders/5x/bpszcvmj1tddmjp35y21dt680000gn/T/TestContractEditField3434946582/001/server/src/model/model.can region can.project.root/model::check_json_save: expression at byte 33525: unknown field revision"
          },
          {
            "edit": "field",
            "phase": "positional",
            "target": "grid",
            "result": "pass",
            "detail": "codec moved with the shared field"
          },
          {
            "edit": "field",
            "phase": "check",
            "target": "server",
            "result": "pass",
            "detail": "1 named use repaired"
          },
          {
            "edit": "field",
            "phase": "emit",
            "target": "grid",
            "result": "pass",
            "detail": "48888a4b564e"
          },
          {
            "edit": "field",
            "phase": "emit",
            "target": "server",
            "result": "pass",
            "detail": "976e436bf5e2"
          }
        ]
--- PASS: TestContractEditField (5.25s)
=== RUN   TestContractEditLeaf
    invoice_grid_test.go:1056: contract evidence:
        [
          {
            "edit": "leaf",
            "phase": "relock",
            "target": "both",
            "result": "pass",
            "detail": "f5ed164e8fe1"
          },
          {
            "edit": "leaf",
            "phase": "stale",
            "target": "grid",
            "result": "reject",
            "detail": "/private/var/folders/5x/bpszcvmj1tddmjp35y21dt680000gn/T/TestContractEditLeaf1647701337/001/grid/src/model/model.can: no eligible type contract::grid_invalid"
          },
          {
            "edit": "leaf",
            "phase": "stale",
            "target": "server",
            "result": "reject",
            "detail": "no eligible constructor contract::grid_invalid"
          },
          {
            "edit": "leaf",
            "phase": "check",
            "target": "both",
            "result": "pass",
            "detail": "10 named uses repaired"
          },
          {
            "edit": "leaf",
            "phase": "emit",
            "target": "grid",
            "result": "pass",
            "detail": "5f361512ffd6"
          },
          {
            "edit": "leaf",
            "phase": "emit",
            "target": "server",
            "result": "pass",
            "detail": "02e114597326"
          }
        ]
--- PASS: TestContractEditLeaf (4.68s)
=== RUN   TestContractEditStatus
    invoice_grid_test.go:1094: contract evidence:
        [
          {
            "edit": "status",
            "phase": "relock",
            "target": "both",
            "result": "pass",
            "detail": "187989148768"
          },
          {
            "edit": "status",
            "phase": "check",
            "target": "both",
            "result": "pass",
            "detail": "metadata moved automatically"
          }
        ]
--- PASS: TestContractEditStatus (3.55s)
=== RUN   TestContractEditLimit
    invoice_grid_test.go:1118: contract evidence:
        [
          {
            "edit": "limit",
            "phase": "relock",
            "target": "both",
            "result": "pass",
            "detail": "d1c6ff83e8bf"
          },
          {
            "edit": "limit",
            "phase": "check",
            "target": "both",
            "result": "pass",
            "detail": "budget moved on both sides"
          }
        ]
--- PASS: TestContractEditLimit (3.88s)
=== RUN   TestContractEditBodyMode
    invoice_grid_test.go:1188: contract evidence:
        [
          {
            "edit": "body-mode",
            "phase": "relock",
            "target": "both",
            "result": "pass",
            "detail": "f56e97252ce7"
          },
          {
            "edit": "body-mode",
            "phase": "stale",
            "target": "grid",
            "result": "reject",
            "detail": "concrete function can.project.root/web::fetch_save: /private/var/folders/5x/bpszcvmj1tddmjp35y21dt680000gn/T/TestContractEditBodyMode2066920362/001/grid/src/web/web.can region can.project.root/web::fetch_save: action::post requires a JSON POST action, but \"contract::save_invoice_grid\" is HTML POST"
          },
          {
            "edit": "body-mode",
            "phase": "stale",
            "target": "server",
            "result": "reject",
            "detail": "concrete function can.project.root/web::invoice_routes: /private/var/folders/5x/bpszcvmj1tddmjp35y21dt680000gn/T/TestContractEditBodyMode2066920362/001/server/src/web/web.can region can.project.root/web::invoice_routes: action::mount for HTML action \"contract::save_invoice_grid\" takes its handler plus the normal and structural renderers"
          },
          {
            "edit": "body-mode",
            "phase": "check",
            "target": "server",
            "result": "pass",
            "detail": "HTML-only mount repaired"
          },
          {
            "edit": "body-mode",
            "phase": "stale",
            "target": "grid",
            "result": "reject",
            "detail": "concrete function can.project.root/web::fetch_save: /private/var/folders/5x/bpszcvmj1tddmjp35y21dt680000gn/T/TestContractEditBodyMode2066920362/001/grid/src/web/web.can region can.project.root/web::fetch_save: action::post requires a JSON POST action, but \"contract::save_invoice_grid\" is HTML POST"
          },
          {
            "edit": "body-mode",
            "phase": "emit",
            "target": "server",
            "result": "pass",
            "detail": "350c6fb2946f"
          }
        ]
--- PASS: TestContractEditBodyMode (6.38s)
=== RUN   TestContractNegatives
=== RUN   TestContractNegatives/handles
    invoice_grid_test.go:1214: contract evidence:
        [
          {
            "edit": "negative",
            "phase": "handles",
            "target": "server",
            "result": "reject",
            "detail": "/private/var/folders/5x/bpszcvmj1tddmjp35y21dt680000gn/T/TestContractNegativeshandles1048280524/001/server/vendor/billing/src/invoice_contract/invoice_contract.can:102:5: syntax: action handles was removed; bind handlers with action::mount"
          }
        ]
=== RUN   TestContractNegatives/mirrored-action
    invoice_grid_test.go:1233: contract evidence:
        [
          {
            "edit": "negative",
            "phase": "mirrored-action",
            "target": "server",
            "result": "reject",
            "detail": "action can.project.root/web::load_invoice_grid_local duplicates the GET /api/tenants/{}/invoices/{} route of action can.project.lineage/billing/invoice_contract::load_invoice_grid"
          }
        ]
=== RUN   TestContractNegatives/missing-case
    invoice_grid_test.go:1250: contract evidence:
        [
          {
            "edit": "negative",
            "phase": "missing-case",
            "target": "server",
            "result": "reject",
            "detail": "action save_invoice_grid: action cases omit returns leaves invoice_contract::grid_saved"
          }
        ]
=== RUN   TestContractNegatives/extra-case
    invoice_grid_test.go:1256: contract evidence:
        [
          {
            "edit": "negative",
            "phase": "extra-case",
            "target": "server",
            "result": "reject",
            "detail": "/private/var/folders/5x/bpszcvmj1tddmjp35y21dt680000gn/T/TestContractNegativesextra-case2797289795/001/server/vendor/billing/src/invoice_contract/invoice_contract.can: no eligible declaration for \"grid_bogus\""
          }
        ]
=== RUN   TestContractNegatives/computed-symbol
    invoice_grid_test.go:1264: contract evidence:
        [
          {
            "edit": "negative",
            "phase": "computed-symbol",
            "target": "server",
            "result": "reject",
            "detail": "concrete function can.project.root/web::invoice_routes: /private/var/folders/5x/bpszcvmj1tddmjp35y21dt680000gn/T/TestContractNegativescomputed-symbol3379362105/001/server/src/web/web.can region can.project.root/web::invoice_routes: action@1::mount requires an action symbol as its first operand, not a string or computed name"
          }
        ]
=== RUN   TestContractNegatives/capture-type
    invoice_grid_test.go:1273: contract evidence:
        [
          {
            "edit": "negative",
            "phase": "capture-type",
            "target": "server",
            "result": "reject",
            "detail": "action load_invoice_grid: capture invoice_id must be str or int"
          }
        ]
=== RUN   TestContractNegatives/request-position
    invoice_grid_test.go:1282: contract evidence:
        [
          {
            "edit": "negative",
            "phase": "request-position",
            "target": "server",
            "result": "reject",
            "detail": "concrete function can.project.root/web::invoice_routes: /private/var/folders/5x/bpszcvmj1tddmjp35y21dt680000gn/T/TestContractNegativesrequest-position1968403438/001/server/src/web/web.can region can.project.root/web::invoice_routes: action::mount handler \"save_grid\" must take http::request first"
          }
        ]
=== RUN   TestContractNegatives/mistyped-handler
    invoice_grid_test.go:1289: contract evidence:
        [
          {
            "edit": "negative",
            "phase": "mistyped-handler",
            "target": "server",
            "result": "reject",
            "detail": "assertion sg_no_session expected completion: /private/var/folders/5x/bpszcvmj1tddmjp35y21dt680000gn/T/TestContractNegativesmistyped-handler1843795142/001/server/src/web/web.can region can.project.root/web::save_grid/assert/sg_no_session/expected: expression type does not fit expected type at byte 2201"
          }
        ]
=== RUN   TestContractNegatives/missing-pool
    invoice_grid_test.go:1298: contract evidence:
        [
          {
            "edit": "negative",
            "phase": "missing-pool",
            "target": "server",
            "result": "reject",
            "detail": "concrete function can.project.root/web::save_grid: /private/var/folders/5x/bpszcvmj1tddmjp35y21dt680000gn/T/TestContractNegativesmissing-pool14329382/001/server/src/web/web.can region can.project.root/web::save_grid: expression at byte 3538: no eligible declaration for \"pool\""
          }
        ]
=== RUN   TestContractNegatives/server-closure-import
    invoice_grid_test.go:1322: contract evidence:
        [
          {
            "edit": "negative",
            "phase": "server-closure-import",
            "target": "grid",
            "result": "reject",
            "detail": "browser capability closure: can.std.env@1::required (environment secrets never enter the browser bundle; reachable via can.project.root/web::main -\u003e can.project.root/web::show_boot_notice -\u003e can.std.env@1::required)"
          }
        ]
--- PASS: TestContractNegatives (10.41s)
    --- PASS: TestContractNegatives/handles (0.01s)
    --- PASS: TestContractNegatives/mirrored-action (0.37s)
    --- PASS: TestContractNegatives/missing-case (0.39s)
    --- PASS: TestContractNegatives/extra-case (0.04s)
    --- PASS: TestContractNegatives/computed-symbol (1.84s)
    --- PASS: TestContractNegatives/capture-type (0.41s)
    --- PASS: TestContractNegatives/request-position (2.16s)
    --- PASS: TestContractNegatives/mistyped-handler (1.57s)
    --- PASS: TestContractNegatives/missing-pool (1.75s)
    --- PASS: TestContractNegatives/server-closure-import (1.88s)
=== RUN   TestAssetRetentionLifecycle
--- PASS: TestAssetRetentionLifecycle (0.16s)
=== RUN   TestAssetRetentionExpiryBound
--- PASS: TestAssetRetentionExpiryBound (0.24s)
=== RUN   TestAssetRetainedBound
--- PASS: TestAssetRetainedBound (0.00s)
=== RUN   TestAssetPublicationRestoresPriorOnFailure
--- PASS: TestAssetPublicationRestoresPriorOnFailure (0.13s)
=== RUN   TestAssetPublicationRecoversAfterCrash
--- PASS: TestAssetPublicationRecoversAfterCrash (0.19s)
=== RUN   TestAssetPublicationRetiresOnUnpairedBuild
--- PASS: TestAssetPublicationRetiresOnUnpairedBuild (0.13s)
=== RUN   TestAssetPublicationSkipsQuietBuilds
--- PASS: TestAssetPublicationSkipsQuietBuilds (0.04s)
=== RUN   TestAssetCleanResetsRetention
--- PASS: TestAssetCleanResetsRetention (0.20s)
=== RUN   TestPackagedOutputValidationAndExecution
    output_runtime_test.go:32: === RUN   TestPackagedOutputValidationAndExecution
            output_runtime_test.go:143: native parser validated exact imports; published entry executed; inherited child lease survived launcher close
        --- PASS: TestPackagedOutputValidationAndExecution (4.42s)
        PASS
        
--- PASS: TestPackagedOutputValidationAndExecution (4.44s)
=== RUN   TestOwnedOutputPublicationAndLeases
--- PASS: TestOwnedOutputPublicationAndLeases (0.10s)
=== RUN   TestOutputRefusesUnownedSymlinkedAndChangedInputs
=== RUN   TestOutputRefusesUnownedSymlinkedAndChangedInputs/unowned
=== RUN   TestOutputRefusesUnownedSymlinkedAndChangedInputs/symlink
=== RUN   TestOutputRefusesUnownedSymlinkedAndChangedInputs/wrong_owner
=== RUN   TestOutputRefusesUnownedSymlinkedAndChangedInputs/source_overlap
--- PASS: TestOutputRefusesUnownedSymlinkedAndChangedInputs (0.01s)
    --- PASS: TestOutputRefusesUnownedSymlinkedAndChangedInputs/unowned (0.00s)
    --- PASS: TestOutputRefusesUnownedSymlinkedAndChangedInputs/symlink (0.00s)
    --- PASS: TestOutputRefusesUnownedSymlinkedAndChangedInputs/wrong_owner (0.00s)
    --- PASS: TestOutputRefusesUnownedSymlinkedAndChangedInputs/source_overlap (0.00s)
=== RUN   TestInterruptedPublicationRecovery
=== RUN   TestInterruptedPublicationRecovery/reserved
=== RUN   TestInterruptedPublicationRecovery/file:entry.ts
=== RUN   TestInterruptedPublicationRecovery/staged
=== RUN   TestInterruptedPublicationRecovery/generation
=== RUN   TestInterruptedPublicationRecovery/published
--- PASS: TestInterruptedPublicationRecovery (0.51s)
    --- PASS: TestInterruptedPublicationRecovery/reserved (0.10s)
    --- PASS: TestInterruptedPublicationRecovery/file:entry.ts (0.11s)
    --- PASS: TestInterruptedPublicationRecovery/staged (0.12s)
    --- PASS: TestInterruptedPublicationRecovery/generation (0.09s)
    --- PASS: TestInterruptedPublicationRecovery/published (0.10s)
=== RUN   TestOutputPreservesUnexpectedGenerationContents
=== RUN   TestOutputPreservesUnexpectedGenerationContents/unknown_file
=== RUN   TestOutputPreservesUnexpectedGenerationContents/unknown_directory
=== RUN   TestOutputPreservesUnexpectedGenerationContents/modified_file
=== RUN   TestOutputPreservesUnexpectedGenerationContents/symlink
--- PASS: TestOutputPreservesUnexpectedGenerationContents (0.36s)
    --- PASS: TestOutputPreservesUnexpectedGenerationContents/unknown_file (0.10s)
    --- PASS: TestOutputPreservesUnexpectedGenerationContents/unknown_directory (0.09s)
    --- PASS: TestOutputPreservesUnexpectedGenerationContents/modified_file (0.09s)
    --- PASS: TestOutputPreservesUnexpectedGenerationContents/symlink (0.09s)
=== RUN   TestCurrentManifestIsAuthoritative
--- PASS: TestCurrentManifestIsAuthoritative (0.05s)
=== RUN   TestCleanRebuildAndSnapshotBinding
--- PASS: TestCleanRebuildAndSnapshotBinding (0.09s)
=== RUN   TestInterruptedStageUnknownFilesArePreserved
--- PASS: TestInterruptedStageUnknownFilesArePreserved (0.03s)
=== RUN   TestOwnerRevalidationAndInputAssets
=== RUN   TestOwnerRevalidationAndInputAssets/owner_changed_after_opening
=== RUN   TestOwnerRevalidationAndInputAssets/asset_mutation_invalidates_snapshot
--- PASS: TestOwnerRevalidationAndInputAssets (0.05s)
    --- PASS: TestOwnerRevalidationAndInputAssets/owner_changed_after_opening (0.05s)
    --- PASS: TestOwnerRevalidationAndInputAssets/asset_mutation_invalidates_snapshot (0.01s)
=== RUN   TestSourceRemovalPublishesOnlyNewGraph
--- PASS: TestSourceRemovalPublishesOnlyNewGraph (0.09s)
=== RUN   TestProjectLockAcrossProcesses
--- PASS: TestProjectLockAcrossProcesses (0.02s)
=== RUN   TestPublicationRechecksSnapshotBeforeCurrent
=== RUN   TestPublicationRechecksSnapshotBeforeCurrent/staged/reuse=false
=== RUN   TestPublicationRechecksSnapshotBeforeCurrent/generation/reuse=false
=== RUN   TestPublicationRechecksSnapshotBeforeCurrent/before-current/reuse=false
=== RUN   TestPublicationRechecksSnapshotBeforeCurrent/before-current/reuse=true
--- PASS: TestPublicationRechecksSnapshotBeforeCurrent (0.27s)
    --- PASS: TestPublicationRechecksSnapshotBeforeCurrent/staged/reuse=false (0.07s)
    --- PASS: TestPublicationRechecksSnapshotBeforeCurrent/generation/reuse=false (0.07s)
    --- PASS: TestPublicationRechecksSnapshotBeforeCurrent/before-current/reuse=false (0.07s)
    --- PASS: TestPublicationRechecksSnapshotBeforeCurrent/before-current/reuse=true (0.05s)
=== RUN   TestStageLeavesCurrentUnchanged
--- PASS: TestStageLeavesCurrentUnchanged (0.07s)
=== RUN   TestStageWithoutPriorCurrent
--- PASS: TestStageWithoutPriorCurrent (0.04s)
=== RUN   TestStageRejectsInvalidGenerations
--- PASS: TestStageRejectsInvalidGenerations (0.01s)
=== RUN   TestAcquireGenerationRejectsMalformed
--- PASS: TestAcquireGenerationRejectsMalformed (0.04s)
=== RUN   TestSelectCurrentRequiresStaged
--- PASS: TestSelectCurrentRequiresStaged (0.05s)
=== RUN   TestInterruptedStageNeverSelects
--- PASS: TestInterruptedStageNeverSelects (0.07s)
=== RUN   TestPublicationRechecksFixtureEdits
--- PASS: TestPublicationRechecksFixtureEdits (0.05s)
=== RUN   TestBuildInputsChangeOnFixtureOnlyDependencyEdit
--- PASS: TestBuildInputsChangeOnFixtureOnlyDependencyEdit (0.02s)
=== RUN   TestDiscardGenerationRemovesOnlyStaged
--- PASS: TestDiscardGenerationRemovesOnlyStaged (0.08s)
=== RUN   TestVerifyBrowserManifest
--- PASS: TestVerifyBrowserManifest (0.00s)
=== RUN   TestVerifyBrowserManifestSharedLock
--- PASS: TestVerifyBrowserManifestSharedLock (0.00s)
=== RUN   TestVerifyBrowserManifestTamper
=== RUN   TestVerifyBrowserManifestTamper/script_bytes
=== RUN   TestVerifyBrowserManifestTamper/generation_source
=== RUN   TestVerifyBrowserManifestTamper/manifest_identity
=== RUN   TestVerifyBrowserManifestTamper/canary_with_consistent_hashes
=== RUN   TestVerifyBrowserManifestTamper/host_operation_with_consistent_hashes
--- PASS: TestVerifyBrowserManifestTamper (0.01s)
    --- PASS: TestVerifyBrowserManifestTamper/script_bytes (0.00s)
    --- PASS: TestVerifyBrowserManifestTamper/generation_source (0.00s)
    --- PASS: TestVerifyBrowserManifestTamper/manifest_identity (0.00s)
    --- PASS: TestVerifyBrowserManifestTamper/canary_with_consistent_hashes (0.00s)
    --- PASS: TestVerifyBrowserManifestTamper/host_operation_with_consistent_hashes (0.00s)
=== RUN   TestVerifyBrowserManifestReferences
=== RUN   TestVerifyBrowserManifestReferences/missing_map
=== RUN   TestVerifyBrowserManifestReferences/missing_table
=== RUN   TestVerifyBrowserManifestReferences/unbound_manifest
=== RUN   TestVerifyBrowserManifestReferences/wrong_path_shape
--- PASS: TestVerifyBrowserManifestReferences (0.01s)
    --- PASS: TestVerifyBrowserManifestReferences/missing_map (0.00s)
    --- PASS: TestVerifyBrowserManifestReferences/missing_table (0.00s)
    --- PASS: TestVerifyBrowserManifestReferences/unbound_manifest (0.00s)
    --- PASS: TestVerifyBrowserManifestReferences/wrong_path_shape (0.00s)
=== RUN   TestBrowserPairingReread
--- PASS: TestBrowserPairingReread (0.00s)
=== RUN   TestBindSharedLock
--- PASS: TestBindSharedLock (0.00s)
=== RUN   TestPairedRouteExtension
--- PASS: TestPairedRouteExtension (0.00s)
=== RUN   TestOSMinimum
--- PASS: TestOSMinimum (0.00s)
=== RUN   TestAssetPathRefusals
--- PASS: TestAssetPathRefusals (0.00s)
=== RUN   TestPackagedSourceMaps
    source_maps_test.go:35: === RUN   TestPackagedSourceMaps
            source_maps_test.go:119: mapped native failure: {"schemaVersion":1,"kind":"can.runtime-failure","phase":"main","channel":"standard","category":"bounds","occurrence":"1","frames":[{"source":"can.project.root/app/main.can","file":"main.can","line":10,"column":15,"endLine":10,"endColumn":24,"start":161,"end":170,"operation":"index","synthetic":false},{"source":"can.project.root/app/main.can","file":"main.can","line":17,"column":16,"endLine":17,"endColumn":27,"start":281,"end":292,"operation":"call","synthetic":false}]}
                
        === RUN   TestPackagedSourceMaps/missing-map
        === RUN   TestPackagedSourceMaps/missing-index
        === RUN   TestPackagedSourceMaps/corrupt-map
        === RUN   TestPackagedSourceMaps/unknown-source
        --- PASS: TestPackagedSourceMaps (5.46s)
            --- PASS: TestPackagedSourceMaps/missing-map (0.00s)
            --- PASS: TestPackagedSourceMaps/missing-index (0.00s)
            --- PASS: TestPackagedSourceMaps/corrupt-map (0.05s)
            --- PASS: TestPackagedSourceMaps/unknown-source (0.05s)
        PASS
        
--- PASS: TestPackagedSourceMaps (5.47s)
=== RUN   TestParseAssertTimeoutMs
--- PASS: TestParseAssertTimeoutMs (0.00s)
=== RUN   TestParseRootReport
--- PASS: TestParseRootReport (0.00s)
=== RUN   TestRootReportEntryReusesPayload
--- PASS: TestRootReportEntryReusesPayload (0.00s)
=== RUN   TestLastProgress
--- PASS: TestLastProgress (0.00s)
=== RUN   TestAwaitExit
--- PASS: TestAwaitExit (0.01s)
=== RUN   TestExternalKillReapsNoncooperatingSpinner
--- PASS: TestExternalKillReapsNoncooperatingSpinner (0.05s)
=== RUN   TestDeliveredRootLatePassIsTimeout
--- PASS: TestDeliveredRootLatePassIsTimeout (0.00s)
=== RUN   TestDeliveredRootCrashAndProtocol
--- PASS: TestDeliveredRootCrashAndProtocol (0.00s)
=== RUN   TestWorkerDiagnosticFiltersProgress
--- PASS: TestWorkerDiagnosticFiltersProgress (0.00s)
=== RUN   TestParseAssertJobs
--- PASS: TestParseAssertJobs (0.00s)
=== RUN   TestRunRootsOrderedPreservesOrder
--- PASS: TestRunRootsOrderedPreservesOrder (0.05s)
=== RUN   TestRunRootsOrderedFirstErrorCancels
--- PASS: TestRunRootsOrderedFirstErrorCancels (0.01s)
=== RUN   TestRunRootsOrderedJobsFloor
--- PASS: TestRunRootsOrderedJobsFloor (0.00s)
=== RUN   TestRunRootsOrderedInterrupted
--- PASS: TestRunRootsOrderedInterrupted (0.00s)
PASS
ok  	github.com/veighnsche/can-lang/compiler/internal/driver	80.635s
=== RUN   TestActionBindingsEmission
--- PASS: TestActionBindingsEmission (0.62s)
=== RUN   TestActionBindingsBrowserClientProjection
--- PASS: TestActionBindingsBrowserClientProjection (0.56s)
=== RUN   TestActionBindingsStateIsSelected
--- PASS: TestActionBindingsStateIsSelected (0.47s)
=== RUN   TestActionClientInvocationShape
--- PASS: TestActionClientInvocationShape (0.53s)
=== RUN   TestActionMountLiveHTTP
    action_mount_live_test.go:336: live stage: /var/folders/5x/bpszcvmj1tddmjp35y21dt680000gn/T/TestActionMountLiveHTTP3206324926/002
--- PASS: TestActionMountLiveHTTP (0.89s)
=== RUN   TestActionContractEmissionFreezesMetadata
--- PASS: TestActionContractEmissionFreezesMetadata (0.55s)
=== RUN   TestSwapPolicyTableReachesHTMLFactory
--- PASS: TestSwapPolicyTableReachesHTMLFactory (0.52s)
=== RUN   TestSwapPolicyTableOmittedWithoutHTMLActions
--- PASS: TestSwapPolicyTableOmittedWithoutHTMLActions (0.54s)
=== RUN   TestActionJSONEmissionCarriesResponseSchemas
--- PASS: TestActionJSONEmissionCarriesResponseSchemas (0.53s)
=== RUN   TestActionJSONEmissionOmitsFormResponseSchema
--- PASS: TestActionJSONEmissionOmitsFormResponseSchema (0.52s)
=== RUN   TestActionEmissionFreezesContractTable
--- PASS: TestActionEmissionFreezesContractTable (0.50s)
=== RUN   TestActionEmissionOmitsEmptyTable
--- PASS: TestActionEmissionOmitsEmptyTable (0.51s)
=== RUN   TestAssetPageEmitsDigestManifest
--- PASS: TestAssetPageEmitsDigestManifest (0.84s)
=== RUN   TestAssetBundleServesPinnedGuard
--- PASS: TestAssetBundleServesPinnedGuard (0.82s)
=== RUN   TestBrowserCatalogueBindsBothProfiles
=== RUN   TestBrowserCatalogueBindsBothProfiles/bun
=== RUN   TestBrowserCatalogueBindsBothProfiles/browser
--- PASS: TestBrowserCatalogueBindsBothProfiles (1.08s)
    --- PASS: TestBrowserCatalogueBindsBothProfiles/bun (0.58s)
    --- PASS: TestBrowserCatalogueBindsBothProfiles/browser (0.50s)
=== RUN   TestBrowserCatalogueStateIdentitiesAreConcrete
--- PASS: TestBrowserCatalogueStateIdentitiesAreConcrete (0.49s)
=== RUN   TestBrowserCatalogueOmitsEmptyStateValues
=== RUN   TestBrowserCatalogueOmitsEmptyStateValues/bun
=== RUN   TestBrowserCatalogueOmitsEmptyStateValues/browser
--- PASS: TestBrowserCatalogueOmitsEmptyStateValues (0.44s)
    --- PASS: TestBrowserCatalogueOmitsEmptyStateValues/bun (0.00s)
    --- PASS: TestBrowserCatalogueOmitsEmptyStateValues/browser (0.00s)
=== RUN   TestBrowserElisionLowersScopeRequest
--- PASS: TestBrowserElisionLowersScopeRequest (0.45s)
=== RUN   TestBrowserModulesEmitDistinctRoot
--- PASS: TestBrowserModulesEmitDistinctRoot (0.45s)
=== RUN   TestBrowserModulesRejectForbiddenProgram
--- PASS: TestBrowserModulesRejectForbiddenProgram (0.40s)
=== RUN   TestBrowserSharesStrictWireCodec
--- PASS: TestBrowserSharesStrictWireCodec (0.40s)
=== RUN   TestBunProfileKeepsFullState
--- PASS: TestBunProfileKeepsFullState (0.40s)
=== RUN   TestBrowserEntryIsOnceOnlyDOMReadyStartup
--- PASS: TestBrowserEntryIsOnceOnlyDOMReadyStartup (0.38s)
=== RUN   TestBrowserThreadsExplicitOwnerContext
--- PASS: TestBrowserThreadsExplicitOwnerContext (0.39s)
=== RUN   TestBrowserCoordinationUsesExplicitSettle
--- PASS: TestBrowserCoordinationUsesExplicitSettle (0.40s)
=== RUN   TestBrowserBindsQueryCancelOperations
--- PASS: TestBrowserBindsQueryCancelOperations (0.82s)
=== RUN   TestBrowserPrunesUnreachedDeclarations
--- PASS: TestBrowserPrunesUnreachedDeclarations (0.82s)
=== RUN   TestBrowserImportedActionsMountNothing
--- PASS: TestBrowserImportedActionsMountNothing (0.40s)
=== RUN   TestBrowserUnusedSharedCodeAddsNoEdge
--- PASS: TestBrowserUnusedSharedCodeAddsNoEdge (0.41s)
=== RUN   TestBunEmissionKeepsAssertionContext
--- PASS: TestBunEmissionKeepsAssertionContext (0.40s)
=== RUN   TestBrowserSealsQueryOptionIdentities
--- PASS: TestBrowserSealsQueryOptionIdentities (0.44s)
=== RUN   TestBrowserSealsQueryOptionIdentitiesBun
--- PASS: TestBrowserSealsQueryOptionIdentitiesBun (0.46s)
=== RUN   TestBytesThroughCanCaptureAndTransportFixture
--- PASS: TestBytesThroughCanCaptureAndTransportFixture (0.57s)
=== RUN   TestNativeCallableInstancesAndCaptureTiming
--- PASS: TestNativeCallableInstancesAndCaptureTiming (0.46s)
=== RUN   TestDynamicCallablePreparationAndThenField
--- PASS: TestDynamicCallablePreparationAndThenField (0.03s)
=== RUN   TestChecksRequireSingleEvaluation
--- PASS: TestChecksRequireSingleEvaluation (0.40s)
=== RUN   TestGeneratedCoordinationPreparesWholeChains
--- PASS: TestGeneratedCoordinationPreparesWholeChains (3.39s)
=== RUN   TestCoreIntegratedProgramLowers
--- PASS: TestCoreIntegratedProgramLowers (0.47s)
=== RUN   TestDataEmissionRejectsInvalidContracts
--- PASS: TestDataEmissionRejectsInvalidContracts (0.00s)
=== RUN   TestEmittedNativeNominalData
    data_test.go:170: emitted nominal identity, immutable update and evaluation order passed
--- PASS: TestEmittedNativeNominalData (0.08s)
=== RUN   TestExportedGenericCallableLowering
--- PASS: TestExportedGenericCallableLowering (0.44s)
=== RUN   TestExportedGenericPublicIdentityEmitsModules
--- PASS: TestExportedGenericPublicIdentityEmitsModules (0.65s)
=== RUN   TestGenericMissingConcreteTargetFailsClosed
--- PASS: TestGenericMissingConcreteTargetFailsClosed (0.84s)
=== RUN   TestNativeTypeDeclarationsRejectsOpaqueParameter
--- PASS: TestNativeTypeDeclarationsRejectsOpaqueParameter (0.00s)
=== RUN   TestPrimitiveExpressionTypeRefusals
=== RUN   TestPrimitiveExpressionTypeRefusals/alpha::item(1,_[])_is_beta::item(1,_[])
=== RUN   TestPrimitiveExpressionTypeRefusals/bytes::buffer()
=== RUN   TestPrimitiveExpressionTypeRefusals/alpha::item(1.0,_[])
=== RUN   TestPrimitiveExpressionTypeRefusals/(alpha::item(1,_[])_with_value=1.0).value
=== RUN   TestPrimitiveExpressionTypeRefusals/item_is_other
=== RUN   TestPrimitiveExpressionTypeRefusals/false_and_(1_+_1.0_is_0)
=== RUN   TestPrimitiveExpressionTypeRefusals/1_+_1.0
=== RUN   TestPrimitiveExpressionTypeRefusals/1_**_2.0
=== RUN   TestPrimitiveExpressionTypeRefusals/1_and_true
=== RUN   TestPrimitiveExpressionTypeRefusals/not_1
=== RUN   TestPrimitiveExpressionTypeRefusals/~1.0
=== RUN   TestPrimitiveExpressionTypeRefusals/true_<_false
=== RUN   TestPrimitiveExpressionTypeRefusals/1_<_2.0
=== RUN   TestPrimitiveExpressionTypeRefusals/callback_is_callback
=== RUN   TestPrimitiveExpressionTypeRefusals/resource_is_resource
=== RUN   TestPrimitiveExpressionTypeRefusals/[callback]_is_[callback]
=== RUN   TestPrimitiveExpressionTypeRefusals/ints[1.0]
=== RUN   TestPrimitiveExpressionTypeRefusals/text[false]
=== RUN   TestPrimitiveExpressionTypeRefusals/ints[0:1.0]
=== RUN   TestPrimitiveExpressionTypeRefusals/1[0]
=== RUN   TestPrimitiveExpressionTypeRefusals/ints.missing
=== RUN   TestPrimitiveExpressionTypeRefusals/1_.length
=== RUN   TestPrimitiveExpressionTypeRefusals/[1,_2.0]
=== RUN   TestPrimitiveExpressionTypeRefusals/[]
=== RUN   TestPrimitiveExpressionTypeRefusals/call_fallible()_+_1
=== RUN   TestPrimitiveExpressionTypeRefusals/call_text.slice(0)
=== RUN   TestPrimitiveExpressionTypeRefusals/call_text.slice(0,_1.0)
--- PASS: TestPrimitiveExpressionTypeRefusals (0.01s)
    --- PASS: TestPrimitiveExpressionTypeRefusals/alpha::item(1,_[])_is_beta::item(1,_[]) (0.00s)
    --- PASS: TestPrimitiveExpressionTypeRefusals/bytes::buffer() (0.00s)
    --- PASS: TestPrimitiveExpressionTypeRefusals/alpha::item(1.0,_[]) (0.00s)
    --- PASS: TestPrimitiveExpressionTypeRefusals/(alpha::item(1,_[])_with_value=1.0).value (0.00s)
    --- PASS: TestPrimitiveExpressionTypeRefusals/item_is_other (0.00s)
    --- PASS: TestPrimitiveExpressionTypeRefusals/false_and_(1_+_1.0_is_0) (0.00s)
    --- PASS: TestPrimitiveExpressionTypeRefusals/1_+_1.0 (0.00s)
    --- PASS: TestPrimitiveExpressionTypeRefusals/1_**_2.0 (0.00s)
    --- PASS: TestPrimitiveExpressionTypeRefusals/1_and_true (0.00s)
    --- PASS: TestPrimitiveExpressionTypeRefusals/not_1 (0.00s)
    --- PASS: TestPrimitiveExpressionTypeRefusals/~1.0 (0.00s)
    --- PASS: TestPrimitiveExpressionTypeRefusals/true_<_false (0.00s)
    --- PASS: TestPrimitiveExpressionTypeRefusals/1_<_2.0 (0.00s)
    --- PASS: TestPrimitiveExpressionTypeRefusals/callback_is_callback (0.00s)
    --- PASS: TestPrimitiveExpressionTypeRefusals/resource_is_resource (0.00s)
    --- PASS: TestPrimitiveExpressionTypeRefusals/[callback]_is_[callback] (0.00s)
    --- PASS: TestPrimitiveExpressionTypeRefusals/ints[1.0] (0.00s)
    --- PASS: TestPrimitiveExpressionTypeRefusals/text[false] (0.00s)
    --- PASS: TestPrimitiveExpressionTypeRefusals/ints[0:1.0] (0.00s)
    --- PASS: TestPrimitiveExpressionTypeRefusals/1[0] (0.00s)
    --- PASS: TestPrimitiveExpressionTypeRefusals/ints.missing (0.00s)
    --- PASS: TestPrimitiveExpressionTypeRefusals/1_.length (0.00s)
    --- PASS: TestPrimitiveExpressionTypeRefusals/[1,_2.0] (0.00s)
    --- PASS: TestPrimitiveExpressionTypeRefusals/[] (0.00s)
    --- PASS: TestPrimitiveExpressionTypeRefusals/call_fallible()_+_1 (0.00s)
    --- PASS: TestPrimitiveExpressionTypeRefusals/call_text.slice(0) (0.00s)
    --- PASS: TestPrimitiveExpressionTypeRefusals/call_text.slice(0,_1.0) (0.00s)
=== RUN   TestEmittedPrimitiveExpressions
    expressions_test.go:209: primitive expressions, skipped effects, comparison order, UTF-16 bounds and failures passed
--- PASS: TestEmittedPrimitiveExpressions (0.08s)
=== RUN   TestFetchEmissionSplicesClientContracts
--- PASS: TestFetchEmissionSplicesClientContracts (0.46s)
=== RUN   TestFetchEmissionCrossTargetContract
--- PASS: TestFetchEmissionCrossTargetContract (0.44s)
=== RUN   TestFormActionEmissionFreezesRowsSchema
--- PASS: TestFormActionEmissionFreezesRowsSchema (0.44s)
=== RUN   TestFormServeEmissionSplicesAdapterContract
--- PASS: TestFormServeEmissionSplicesAdapterContract (0.43s)
=== RUN   TestFormStateValuesReachAuthoredModules
--- PASS: TestFormStateValuesReachAuthoredModules (0.00s)
=== RUN   TestHTTPEmissionBindsRequestsResponsesAndRouter
--- PASS: TestHTTPEmissionBindsRequestsResponsesAndRouter (0.85s)
=== RUN   TestHTTPEmissionAvoidsAIResponseAliases
--- PASS: TestHTTPEmissionAvoidsAIResponseAliases (0.40s)
=== RUN   TestInitializationOrderingAndRefusals
=== RUN   TestInitializationOrderingAndRefusals/int_a_=_b_int_b_=_a_
=== RUN   TestInitializationOrderingAndRefusals/int_a_=_a_
=== RUN   TestInitializationOrderingAndRefusals/int_a_=_call_first()_
=== RUN   TestInitializationOrderingAndRefusals/int_a_=_(1_+_call_first())_
=== RUN   TestInitializationOrderingAndRefusals/str_a_=_call_env::get("TOKEN")_
=== RUN   TestInitializationOrderingAndRefusals/bytes::buffer_a_=_call_bytes::from_utf8("x")_
=== RUN   TestInitializationOrderingAndRefusals/callable_int_()_emits_[]_a_=_callable_first_
=== RUN   TestInitializationOrderingAndRefusals/int_a_=_ints[0]_
=== RUN   TestInitializationOrderingAndRefusals/bytes::buffer_a_=_resource_
=== RUN   TestInitializationOrderingAndRefusals/int_a_=_match_true_____false_=>_2_____true_=>_1_
=== RUN   TestInitializationOrderingAndRefusals/bool_a_=_false_and_(call_first()_is_1)_
--- PASS: TestInitializationOrderingAndRefusals (0.00s)
    --- PASS: TestInitializationOrderingAndRefusals/int_a_=_b_int_b_=_a_ (0.00s)
    --- PASS: TestInitializationOrderingAndRefusals/int_a_=_a_ (0.00s)
    --- PASS: TestInitializationOrderingAndRefusals/int_a_=_call_first()_ (0.00s)
    --- PASS: TestInitializationOrderingAndRefusals/int_a_=_(1_+_call_first())_ (0.00s)
    --- PASS: TestInitializationOrderingAndRefusals/str_a_=_call_env::get("TOKEN")_ (0.00s)
    --- PASS: TestInitializationOrderingAndRefusals/bytes::buffer_a_=_call_bytes::from_utf8("x")_ (0.00s)
    --- PASS: TestInitializationOrderingAndRefusals/callable_int_()_emits_[]_a_=_callable_first_ (0.00s)
    --- PASS: TestInitializationOrderingAndRefusals/int_a_=_ints[0]_ (0.00s)
    --- PASS: TestInitializationOrderingAndRefusals/bytes::buffer_a_=_resource_ (0.00s)
    --- PASS: TestInitializationOrderingAndRefusals/int_a_=_match_true_____false_=>_2_____true_=>_1_ (0.00s)
    --- PASS: TestInitializationOrderingAndRefusals/bool_a_=_false_and_(call_first()_is_1)_ (0.00s)
=== RUN   TestInitializationNamedArmEvidence
--- PASS: TestInitializationNamedArmEvidence (0.00s)
=== RUN   TestEmittedInitializationBeforeMain
=== RUN   TestEmittedInitializationBeforeMain/fault=false
    initialization_test.go:209: main reached
        startup once verified
=== RUN   TestEmittedInitializationBeforeMain/fault=true
    initialization_test.go:209: startup failure reported
--- PASS: TestEmittedInitializationBeforeMain (3.24s)
    --- PASS: TestEmittedInitializationBeforeMain/fault=false (0.61s)
    --- PASS: TestEmittedInitializationBeforeMain/fault=true (0.02s)
=== RUN   TestMappedInitializationPreservesAuthoredOriginLikeString
--- PASS: TestMappedInitializationPreservesAuthoredOriginLikeString (0.00s)
=== RUN   TestFiniteLocalRule
=== RUN   TestFiniteLocalRule/left_+_right
=== RUN   TestFiniteLocalRule/(left_*_2)_-_right
=== RUN   TestFiniteLocalRule/~left_|_right_&_3
=== RUN   TestFiniteLocalRule/item.value
=== RUN   TestFiniteLocalRule/ints.length
=== RUN   TestFiniteLocalRule/left_<_right_and_not_false
=== RUN   TestFiniteLocalRule/text_+_"!"
=== RUN   TestFiniteLocalRule/result_+_1
=== RUN   TestFiniteLocalRule/retain/left_/_right
=== RUN   TestFiniteLocalRule/retain/left_%_right
=== RUN   TestFiniteLocalRule/retain/left_**_right
=== RUN   TestFiniteLocalRule/retain/left_<<_right
=== RUN   TestFiniteLocalRule/retain/left_>>_right
=== RUN   TestFiniteLocalRule/retain/1.0_/_2.0
=== RUN   TestFiniteLocalRule/retain/ints[0]
=== RUN   TestFiniteLocalRule/retain/ints[0:1]
=== RUN   TestFiniteLocalRule/retain/[]
=== RUN   TestFiniteLocalRule/retain/[1]
=== RUN   TestFiniteLocalRule/retain/alpha::item(1,_[])
=== RUN   TestFiniteLocalRule/retain/item_with_value=1
=== RUN   TestFiniteLocalRule/retain/call_first()
=== RUN   TestFiniteLocalRule/retain/callable_first
=== RUN   TestFiniteLocalRule/retain/item
--- PASS: TestFiniteLocalRule (0.00s)
    --- PASS: TestFiniteLocalRule/left_+_right (0.00s)
    --- PASS: TestFiniteLocalRule/(left_*_2)_-_right (0.00s)
    --- PASS: TestFiniteLocalRule/~left_|_right_&_3 (0.00s)
    --- PASS: TestFiniteLocalRule/item.value (0.00s)
    --- PASS: TestFiniteLocalRule/ints.length (0.00s)
    --- PASS: TestFiniteLocalRule/left_<_right_and_not_false (0.00s)
    --- PASS: TestFiniteLocalRule/text_+_"!" (0.00s)
    --- PASS: TestFiniteLocalRule/result_+_1 (0.00s)
    --- PASS: TestFiniteLocalRule/retain/left_/_right (0.00s)
    --- PASS: TestFiniteLocalRule/retain/left_%_right (0.00s)
    --- PASS: TestFiniteLocalRule/retain/left_**_right (0.00s)
    --- PASS: TestFiniteLocalRule/retain/left_<<_right (0.00s)
    --- PASS: TestFiniteLocalRule/retain/left_>>_right (0.00s)
    --- PASS: TestFiniteLocalRule/retain/1.0_/_2.0 (0.00s)
    --- PASS: TestFiniteLocalRule/retain/ints[0] (0.00s)
    --- PASS: TestFiniteLocalRule/retain/ints[0:1] (0.00s)
    --- PASS: TestFiniteLocalRule/retain/[] (0.00s)
    --- PASS: TestFiniteLocalRule/retain/[1] (0.00s)
    --- PASS: TestFiniteLocalRule/retain/alpha::item(1,_[]) (0.00s)
    --- PASS: TestFiniteLocalRule/retain/item_with_value=1 (0.00s)
    --- PASS: TestFiniteLocalRule/retain/call_first() (0.00s)
    --- PASS: TestFiniteLocalRule/retain/callable_first (0.00s)
    --- PASS: TestFiniteLocalRule/retain/item (0.00s)
=== RUN   TestLocalUseIdentityAndCaptureEvidence
=== RUN   TestLocalUseIdentityAndCaptureEvidence/same_spelling_is_not_same_binding
=== RUN   TestLocalUseIdentityAndCaptureEvidence/two_resolved_uses_retain_the_local
=== RUN   TestLocalUseIdentityAndCaptureEvidence/incomplete_names_refuse_rather_than_guess
=== RUN   TestLocalUseIdentityAndCaptureEvidence/captured
=== RUN   TestLocalUseIdentityAndCaptureEvidence/not_captured
=== RUN   TestLocalUseIdentityAndCaptureEvidence/missing_evidence
=== RUN   TestLocalUseIdentityAndCaptureEvidence/intervening_work_retains_timing
=== RUN   TestLocalUseIdentityAndCaptureEvidence/terminal_calculation_is_not_immediate_name_forwarding
=== RUN   TestLocalUseIdentityAndCaptureEvidence/substitution_rechecks_expected_typing
--- PASS: TestLocalUseIdentityAndCaptureEvidence (0.00s)
    --- PASS: TestLocalUseIdentityAndCaptureEvidence/same_spelling_is_not_same_binding (0.00s)
    --- PASS: TestLocalUseIdentityAndCaptureEvidence/two_resolved_uses_retain_the_local (0.00s)
    --- PASS: TestLocalUseIdentityAndCaptureEvidence/incomplete_names_refuse_rather_than_guess (0.00s)
    --- PASS: TestLocalUseIdentityAndCaptureEvidence/captured (0.00s)
    --- PASS: TestLocalUseIdentityAndCaptureEvidence/not_captured (0.00s)
    --- PASS: TestLocalUseIdentityAndCaptureEvidence/missing_evidence (0.00s)
    --- PASS: TestLocalUseIdentityAndCaptureEvidence/intervening_work_retains_timing (0.00s)
    --- PASS: TestLocalUseIdentityAndCaptureEvidence/terminal_calculation_is_not_immediate_name_forwarding (0.00s)
    --- PASS: TestLocalUseIdentityAndCaptureEvidence/substitution_rechecks_expected_typing (0.00s)
=== RUN   TestLocalForwardingRejectsBlankEvidenceIdentities
=== RUN   TestLocalForwardingRejectsBlankEvidenceIdentities/blank_terminal_identity
=== RUN   TestLocalForwardingRejectsBlankEvidenceIdentities/blank_capture_identity
--- PASS: TestLocalForwardingRejectsBlankEvidenceIdentities (0.00s)
    --- PASS: TestLocalForwardingRejectsBlankEvidenceIdentities/blank_terminal_identity (0.00s)
    --- PASS: TestLocalForwardingRejectsBlankEvidenceIdentities/blank_capture_identity (0.00s)
=== RUN   TestMappingAssemblyPreservesUTF16AndCannotAdmitQuotedMarkers
--- PASS: TestMappingAssemblyPreservesUTF16AndCannotAdmitQuotedMarkers (0.00s)
=== RUN   TestExactESMEdges
--- PASS: TestExactESMEdges (0.00s)
=== RUN   TestFetchEmissionTagsProducingOperation
--- PASS: TestFetchEmissionTagsProducingOperation (0.46s)
=== RUN   TestJudgeEmissionTagsProducingOperation
--- PASS: TestJudgeEmissionTagsProducingOperation (0.39s)
=== RUN   TestLLMEmissionTagsProducingOperation
--- PASS: TestLLMEmissionTagsProducingOperation (0.39s)
=== RUN   TestOwnerRecordLowersThroughNominalHelpers
--- PASS: TestOwnerRecordLowersThroughNominalHelpers (0.41s)
=== RUN   TestEmittedFailureEvaluationOrder
=== RUN   TestEmittedFailureEvaluationOrder/array
    region_order_test.go:97: {"kind":"standard","events":["first"]}
=== RUN   TestEmittedFailureEvaluationOrder/comparison
    region_order_test.go:97: {"kind":"standard","events":["first"]}
=== RUN   TestEmittedFailureEvaluationOrder/logical
    region_order_test.go:97: {"kind":"standard","events":["first"]}
=== RUN   TestEmittedFailureEvaluationOrder/value-match
    region_order_test.go:97: {"kind":"standard","events":["first"]}
=== RUN   TestEmittedFailureEvaluationOrder/constructor
    region_order_test.go:97: {"kind":"standard","events":["first"]}
=== RUN   TestEmittedFailureEvaluationOrder/scrutinees
    region_order_test.go:97: {"kind":"standard","events":["first"]}
=== RUN   TestEmittedFailureEvaluationOrder/binary
    region_order_test.go:97: {"kind":"standard","events":["first"]}
=== RUN   TestEmittedFailureEvaluationOrder/wildcard
    region_order_test.go:97: {"kind":"standard","events":["first"]}
--- PASS: TestEmittedFailureEvaluationOrder (3.71s)
    --- PASS: TestEmittedFailureEvaluationOrder/array (0.59s)
    --- PASS: TestEmittedFailureEvaluationOrder/comparison (0.05s)
    --- PASS: TestEmittedFailureEvaluationOrder/logical (0.05s)
    --- PASS: TestEmittedFailureEvaluationOrder/value-match (0.06s)
    --- PASS: TestEmittedFailureEvaluationOrder/constructor (0.09s)
    --- PASS: TestEmittedFailureEvaluationOrder/scrutinees (0.05s)
    --- PASS: TestEmittedFailureEvaluationOrder/binary (0.05s)
    --- PASS: TestEmittedFailureEvaluationOrder/wildcard (0.06s)
=== RUN   TestRepeatedScrutineeNarrowing
--- PASS: TestRepeatedScrutineeNarrowing (0.01s)
=== RUN   TestCompletionRegionContracts
=== RUN   TestCompletionRegionContracts/good0/function
=== RUN   TestCompletionRegionContracts/good0/handler
=== RUN   TestCompletionRegionContracts/good1/function
=== RUN   TestCompletionRegionContracts/good1/handler
=== RUN   TestCompletionRegionContracts/good2/function
=== RUN   TestCompletionRegionContracts/good2/handler
=== RUN   TestCompletionRegionContracts/good3/function
=== RUN   TestCompletionRegionContracts/good3/handler
=== RUN   TestCompletionRegionContracts/good4/function
=== RUN   TestCompletionRegionContracts/good4/handler
=== RUN   TestCompletionRegionContracts/good5/function
=== RUN   TestCompletionRegionContracts/good5/handler
=== RUN   TestCompletionRegionContracts/good6/function
=== RUN   TestCompletionRegionContracts/good6/handler
=== RUN   TestCompletionRegionContracts/good7/function
=== RUN   TestCompletionRegionContracts/good7/handler
=== RUN   TestCompletionRegionContracts/good8/function
=== RUN   TestCompletionRegionContracts/good8/handler
=== RUN   TestCompletionRegionContracts/good9/function
=== RUN   TestCompletionRegionContracts/good9/handler
=== RUN   TestCompletionRegionContracts/good10/function
=== RUN   TestCompletionRegionContracts/good10/handler
=== RUN   TestCompletionRegionContracts/good11/function
=== RUN   TestCompletionRegionContracts/good11/handler
=== RUN   TestCompletionRegionContracts/good12/function
=== RUN   TestCompletionRegionContracts/good12/handler
=== RUN   TestCompletionRegionContracts/good13/function
=== RUN   TestCompletionRegionContracts/good13/handler
=== RUN   TestCompletionRegionContracts/good14/function
=== RUN   TestCompletionRegionContracts/good14/handler
=== RUN   TestCompletionRegionContracts/good15/function
=== RUN   TestCompletionRegionContracts/good15/handler
=== RUN   TestCompletionRegionContracts/bad0
=== RUN   TestCompletionRegionContracts/bad1
=== RUN   TestCompletionRegionContracts/bad2
=== RUN   TestCompletionRegionContracts/bad3
=== RUN   TestCompletionRegionContracts/bad4
=== RUN   TestCompletionRegionContracts/bad5
=== RUN   TestCompletionRegionContracts/bad6
=== RUN   TestCompletionRegionContracts/bad7
=== RUN   TestCompletionRegionContracts/bad8
=== RUN   TestCompletionRegionContracts/bad9
=== RUN   TestCompletionRegionContracts/bad10
=== RUN   TestCompletionRegionContracts/bad11
=== RUN   TestCompletionRegionContracts/bad12
=== RUN   TestCompletionRegionContracts/bad13
=== RUN   TestCompletionRegionContracts/bad14
=== RUN   TestCompletionRegionContracts/bad15
=== RUN   TestCompletionRegionContracts/bad16
=== RUN   TestCompletionRegionContracts/bad17
=== RUN   TestCompletionRegionContracts/bad18
=== RUN   TestCompletionRegionContracts/bad19
=== RUN   TestCompletionRegionContracts/bad20
=== RUN   TestCompletionRegionContracts/bad21
=== RUN   TestCompletionRegionContracts/bad22
=== RUN   TestCompletionRegionContracts/bad23
=== RUN   TestCompletionRegionContracts/bad24
=== RUN   TestCompletionRegionContracts/bad25
=== RUN   TestCompletionRegionContracts/bad26
=== RUN   TestCompletionRegionContracts/bad27
=== RUN   TestCompletionRegionContracts/bad28
=== RUN   TestCompletionRegionContracts/bad29
--- PASS: TestCompletionRegionContracts (0.01s)
    --- PASS: TestCompletionRegionContracts/good0/function (0.00s)
    --- PASS: TestCompletionRegionContracts/good0/handler (0.00s)
    --- PASS: TestCompletionRegionContracts/good1/function (0.00s)
    --- PASS: TestCompletionRegionContracts/good1/handler (0.00s)
    --- PASS: TestCompletionRegionContracts/good2/function (0.00s)
    --- PASS: TestCompletionRegionContracts/good2/handler (0.00s)
    --- PASS: TestCompletionRegionContracts/good3/function (0.00s)
    --- PASS: TestCompletionRegionContracts/good3/handler (0.00s)
    --- PASS: TestCompletionRegionContracts/good4/function (0.00s)
    --- PASS: TestCompletionRegionContracts/good4/handler (0.00s)
    --- PASS: TestCompletionRegionContracts/good5/function (0.00s)
    --- PASS: TestCompletionRegionContracts/good5/handler (0.00s)
    --- PASS: TestCompletionRegionContracts/good6/function (0.00s)
    --- PASS: TestCompletionRegionContracts/good6/handler (0.00s)
    --- PASS: TestCompletionRegionContracts/good7/function (0.00s)
    --- PASS: TestCompletionRegionContracts/good7/handler (0.00s)
    --- PASS: TestCompletionRegionContracts/good8/function (0.00s)
    --- PASS: TestCompletionRegionContracts/good8/handler (0.00s)
    --- PASS: TestCompletionRegionContracts/good9/function (0.00s)
    --- PASS: TestCompletionRegionContracts/good9/handler (0.00s)
    --- PASS: TestCompletionRegionContracts/good10/function (0.00s)
    --- PASS: TestCompletionRegionContracts/good10/handler (0.00s)
    --- PASS: TestCompletionRegionContracts/good11/function (0.00s)
    --- PASS: TestCompletionRegionContracts/good11/handler (0.00s)
    --- PASS: TestCompletionRegionContracts/good12/function (0.00s)
    --- PASS: TestCompletionRegionContracts/good12/handler (0.00s)
    --- PASS: TestCompletionRegionContracts/good13/function (0.00s)
    --- PASS: TestCompletionRegionContracts/good13/handler (0.00s)
    --- PASS: TestCompletionRegionContracts/good14/function (0.00s)
    --- PASS: TestCompletionRegionContracts/good14/handler (0.00s)
    --- PASS: TestCompletionRegionContracts/good15/function (0.00s)
    --- PASS: TestCompletionRegionContracts/good15/handler (0.00s)
    --- PASS: TestCompletionRegionContracts/bad0 (0.00s)
    --- PASS: TestCompletionRegionContracts/bad1 (0.00s)
    --- PASS: TestCompletionRegionContracts/bad2 (0.00s)
    --- PASS: TestCompletionRegionContracts/bad3 (0.00s)
    --- PASS: TestCompletionRegionContracts/bad4 (0.00s)
    --- PASS: TestCompletionRegionContracts/bad5 (0.00s)
    --- PASS: TestCompletionRegionContracts/bad6 (0.00s)
    --- PASS: TestCompletionRegionContracts/bad7 (0.00s)
    --- PASS: TestCompletionRegionContracts/bad8 (0.00s)
    --- PASS: TestCompletionRegionContracts/bad9 (0.00s)
    --- PASS: TestCompletionRegionContracts/bad10 (0.00s)
    --- PASS: TestCompletionRegionContracts/bad11 (0.00s)
    --- PASS: TestCompletionRegionContracts/bad12 (0.00s)
    --- PASS: TestCompletionRegionContracts/bad13 (0.00s)
    --- PASS: TestCompletionRegionContracts/bad14 (0.00s)
    --- PASS: TestCompletionRegionContracts/bad15 (0.00s)
    --- PASS: TestCompletionRegionContracts/bad16 (0.00s)
    --- PASS: TestCompletionRegionContracts/bad17 (0.00s)
    --- PASS: TestCompletionRegionContracts/bad18 (0.00s)
    --- PASS: TestCompletionRegionContracts/bad19 (0.00s)
    --- PASS: TestCompletionRegionContracts/bad20 (0.00s)
    --- PASS: TestCompletionRegionContracts/bad21 (0.00s)
    --- PASS: TestCompletionRegionContracts/bad22 (0.00s)
    --- PASS: TestCompletionRegionContracts/bad23 (0.00s)
    --- PASS: TestCompletionRegionContracts/bad24 (0.00s)
    --- PASS: TestCompletionRegionContracts/bad25 (0.00s)
    --- PASS: TestCompletionRegionContracts/bad26 (0.00s)
    --- PASS: TestCompletionRegionContracts/bad27 (0.00s)
    --- PASS: TestCompletionRegionContracts/bad28 (0.00s)
    --- PASS: TestCompletionRegionContracts/bad29 (0.00s)
=== RUN   TestOrdinaryBooleanMatchArmOrder
--- PASS: TestOrdinaryBooleanMatchArmOrder (0.01s)
=== RUN   TestEmittedCompletionRegions
--- PASS: TestEmittedCompletionRegions (3.65s)
=== RUN   TestRegionTypesAndOwnership
--- PASS: TestRegionTypesAndOwnership (0.01s)
=== RUN   TestCheckedResourceCaptureRetainsNativeLease
--- PASS: TestCheckedResourceCaptureRetainsNativeLease (0.04s)
=== RUN   TestCombineBindingContributionsMergesDisjoint
--- PASS: TestCombineBindingContributionsMergesDisjoint (0.00s)
=== RUN   TestCombineBindingContributionsRejectsDuplicate
--- PASS: TestCombineBindingContributionsRejectsDuplicate (0.00s)
=== RUN   TestScenarioEmissionCarriesOwnerAndLinks
--- PASS: TestScenarioEmissionCarriesOwnerAndLinks (0.45s)
=== RUN   TestSQLDescriptorsEmitManifestTable
--- PASS: TestSQLDescriptorsEmitManifestTable (0.43s)
=== RUN   TestSQLQueriesEmitPlansAndSplices
--- PASS: TestSQLQueriesEmitPlansAndSplices (0.62s)
PASS
ok  	github.com/veighnsche/can-lang/compiler/internal/emit	42.030s
?   	github.com/veighnsche/can-lang/compiler/internal/ir	[no test files]
=== RUN   TestSnapshotAcceptsClosedInventory
--- PASS: TestSnapshotAcceptsClosedInventory (0.01s)
=== RUN   TestSnapshotRejectsEscapeSignatureAndExecutableFormats
--- PASS: TestSnapshotRejectsEscapeSignatureAndExecutableFormats (0.01s)
=== RUN   TestSnapshotCopiesBytes
--- PASS: TestSnapshotCopiesBytes (0.00s)
=== RUN   TestFormerNumericCollisionComposesWithQualifiedIdentity
--- PASS: TestFormerNumericCollisionComposesWithQualifiedIdentity (0.02s)
=== RUN   TestRegistryResolvesSuppliedPredecessorChain
--- PASS: TestRegistryResolvesSuppliedPredecessorChain (0.00s)
=== RUN   TestArchivedTwoBuildReportsAttributeAcrossRename
--- PASS: TestArchivedTwoBuildReportsAttributeAcrossRename (0.02s)
=== RUN   TestFixtureDigestExactFramingAndOrder
--- PASS: TestFixtureDigestExactFramingAndOrder (0.00s)
=== RUN   TestCaptureFixturesDedupesSharedReferences
--- PASS: TestCaptureFixturesDedupesSharedReferences (0.01s)
=== RUN   TestCaptureFixturesRejects
=== RUN   TestCaptureFixturesRejects/missing
=== RUN   TestCaptureFixturesRejects/escape
=== RUN   TestCaptureFixturesRejects/absolute
=== RUN   TestCaptureFixturesRejects/symlink
=== RUN   TestCaptureFixturesRejects/size
--- PASS: TestCaptureFixturesRejects (0.02s)
    --- PASS: TestCaptureFixturesRejects/missing (0.00s)
    --- PASS: TestCaptureFixturesRejects/escape (0.00s)
    --- PASS: TestCaptureFixturesRejects/absolute (0.00s)
    --- PASS: TestCaptureFixturesRejects/symlink (0.01s)
    --- PASS: TestCaptureFixturesRejects/size (0.01s)
=== RUN   TestFixtureBytesServesCapturedSnapshot
--- PASS: TestFixtureBytesServesCapturedSnapshot (0.00s)
=== RUN   TestVendorFixtureChangeStalesLock
--- PASS: TestVendorFixtureChangeStalesLock (0.01s)
=== RUN   TestGraphIdentityAndOutputStability
--- PASS: TestGraphIdentityAndOutputStability (0.01s)
=== RUN   TestGraphRejectsStaleOrIncompleteLocks
=== RUN   TestGraphRejectsStaleOrIncompleteLocks/source
=== RUN   TestGraphRejectsStaleOrIncompleteLocks/manifest
=== RUN   TestGraphRejectsStaleOrIncompleteLocks/registry
=== RUN   TestGraphRejectsStaleOrIncompleteLocks/missing
=== RUN   TestGraphRejectsStaleOrIncompleteLocks/unused
=== RUN   TestGraphRejectsStaleOrIncompleteLocks/path
--- PASS: TestGraphRejectsStaleOrIncompleteLocks (0.02s)
    --- PASS: TestGraphRejectsStaleOrIncompleteLocks/source (0.00s)
    --- PASS: TestGraphRejectsStaleOrIncompleteLocks/manifest (0.00s)
    --- PASS: TestGraphRejectsStaleOrIncompleteLocks/registry (0.00s)
    --- PASS: TestGraphRejectsStaleOrIncompleteLocks/missing (0.00s)
    --- PASS: TestGraphRejectsStaleOrIncompleteLocks/unused (0.00s)
    --- PASS: TestGraphRejectsStaleOrIncompleteLocks/path (0.00s)
=== RUN   TestGraphRejectsPackageAndSourceAliases
=== RUN   TestGraphRejectsPackageAndSourceAliases/package-collision
=== RUN   TestGraphRejectsPackageAndSourceAliases/folder-mismatch
=== RUN   TestGraphRejectsPackageAndSourceAliases/reserved
=== RUN   TestGraphRejectsPackageAndSourceAliases/source-escape
=== RUN   TestGraphRejectsPackageAndSourceAliases/source-alias
=== RUN   TestGraphRejectsPackageAndSourceAliases/directory-cycle
=== RUN   TestGraphRejectsPackageAndSourceAliases/dependency-escape
=== RUN   TestGraphRejectsPackageAndSourceAliases/dependency-cycle
--- PASS: TestGraphRejectsPackageAndSourceAliases (0.02s)
    --- PASS: TestGraphRejectsPackageAndSourceAliases/package-collision (0.00s)
    --- PASS: TestGraphRejectsPackageAndSourceAliases/folder-mismatch (0.00s)
    --- PASS: TestGraphRejectsPackageAndSourceAliases/reserved (0.00s)
    --- PASS: TestGraphRejectsPackageAndSourceAliases/source-escape (0.00s)
    --- PASS: TestGraphRejectsPackageAndSourceAliases/source-alias (0.00s)
    --- PASS: TestGraphRejectsPackageAndSourceAliases/directory-cycle (0.00s)
    --- PASS: TestGraphRejectsPackageAndSourceAliases/dependency-escape (0.00s)
    --- PASS: TestGraphRejectsPackageAndSourceAliases/dependency-cycle (0.00s)
=== RUN   TestGraphRegistrySourceAgreement
--- PASS: TestGraphRegistrySourceAgreement (0.00s)
=== RUN   TestGraphRepeatedEdgeNamesStayParentLocal
--- PASS: TestGraphRepeatedEdgeNamesStayParentLocal (0.00s)
=== RUN   TestContainedSourceSymlinkPreservesCanonicalPackageOwner
--- PASS: TestContainedSourceSymlinkPreservesCanonicalPackageOwner (0.00s)
=== RUN   TestLineageInstancesComposeAcrossSamePackageNames
--- PASS: TestLineageInstancesComposeAcrossSamePackageNames (0.00s)
=== RUN   TestLineageIdentitySurvivesRelocationAndGrowth
--- PASS: TestLineageIdentitySurvivesRelocationAndGrowth (0.01s)
=== RUN   TestGraphInternsIdenticalPaths
--- PASS: TestGraphInternsIdenticalPaths (0.01s)
=== RUN   TestGraphRejectsDivergentSameLineage
--- PASS: TestGraphRejectsDivergentSameLineage (0.01s)
=== RUN   TestGraphLockPinsContentAndDirectEdges
=== RUN   TestGraphLockPinsContentAndDirectEdges/retarget
=== RUN   TestGraphLockPinsContentAndDirectEdges/repath
=== RUN   TestGraphLockPinsContentAndDirectEdges/edge
=== RUN   TestGraphLockPinsContentAndDirectEdges/entry
=== RUN   TestGraphLockPinsContentAndDirectEdges/lineage
=== RUN   TestGraphLockPinsContentAndDirectEdges/transitive
--- PASS: TestGraphLockPinsContentAndDirectEdges (0.02s)
    --- PASS: TestGraphLockPinsContentAndDirectEdges/retarget (0.00s)
    --- PASS: TestGraphLockPinsContentAndDirectEdges/repath (0.00s)
    --- PASS: TestGraphLockPinsContentAndDirectEdges/edge (0.00s)
    --- PASS: TestGraphLockPinsContentAndDirectEdges/entry (0.00s)
    --- PASS: TestGraphLockPinsContentAndDirectEdges/lineage (0.00s)
    --- PASS: TestGraphLockPinsContentAndDirectEdges/transitive (0.01s)
=== RUN   TestManifestExactShapeAndInertSQL
--- PASS: TestManifestExactShapeAndInertSQL (0.00s)
=== RUN   TestManifestRejectsUnknownDuplicateAndWrongTypedFields
--- PASS: TestManifestRejectsUnknownDuplicateAndWrongTypedFields (0.00s)
=== RUN   TestSQLDescriptorShapeRefusals
--- PASS: TestSQLDescriptorShapeRefusals (0.00s)
=== RUN   TestRealpathConfinement
--- PASS: TestRealpathConfinement (0.00s)
=== RUN   TestRegistryAndLockExactContracts
--- PASS: TestRegistryAndLockExactContracts (0.00s)
=== RUN   TestManifestLineageDeclaresOptionalIdentity
--- PASS: TestManifestLineageDeclaresOptionalIdentity (0.00s)
=== RUN   TestSourceDigestExactFramingAndOrder
--- PASS: TestSourceDigestExactFramingAndOrder (0.00s)
=== RUN   TestOverlaySubstitutesBeforeParse
--- PASS: TestOverlaySubstitutesBeforeParse (0.00s)
=== RUN   TestOverlayIgnoresUnwalkedPaths
--- PASS: TestOverlayIgnoresUnwalkedPaths (0.00s)
=== RUN   TestOverlayRefusals
--- PASS: TestOverlayRefusals (0.00s)
=== RUN   TestSourceErrorPreservesCLIMessage
--- PASS: TestSourceErrorPreservesCLIMessage (0.00s)
=== RUN   FuzzInertJSONContracts
=== RUN   FuzzInertJSONContracts/seed#0
=== RUN   FuzzInertJSONContracts/seed#1
=== RUN   FuzzInertJSONContracts/seed#2
=== RUN   FuzzInertJSONContracts/seed#3
--- PASS: FuzzInertJSONContracts (0.00s)
    --- PASS: FuzzInertJSONContracts/seed#0 (0.00s)
    --- PASS: FuzzInertJSONContracts/seed#1 (0.00s)
    --- PASS: FuzzInertJSONContracts/seed#2 (0.00s)
    --- PASS: FuzzInertJSONContracts/seed#3 (0.00s)
PASS
ok  	github.com/veighnsche/can-lang/compiler/internal/project	0.428s
=== RUN   TestQualifiedImportsComposeTwinModels
--- PASS: TestQualifiedImportsComposeTwinModels (0.03s)
=== RUN   TestQualifiedImportsRejectUndeclaredAndPrivate
=== RUN   TestQualifiedImportsRejectUndeclaredAndPrivate/unqualified
=== RUN   TestQualifiedImportsRejectUndeclaredAndPrivate/unknown-dependency
=== RUN   TestQualifiedImportsRejectUndeclaredAndPrivate/missing-package
=== RUN   TestQualifiedImportsRejectUndeclaredAndPrivate/private
=== RUN   TestQualifiedImportsRejectUndeclaredAndPrivate/ambiguous-default
--- PASS: TestQualifiedImportsRejectUndeclaredAndPrivate (0.05s)
    --- PASS: TestQualifiedImportsRejectUndeclaredAndPrivate/unqualified (0.01s)
    --- PASS: TestQualifiedImportsRejectUndeclaredAndPrivate/unknown-dependency (0.01s)
    --- PASS: TestQualifiedImportsRejectUndeclaredAndPrivate/missing-package (0.01s)
    --- PASS: TestQualifiedImportsRejectUndeclaredAndPrivate/private (0.01s)
    --- PASS: TestQualifiedImportsRejectUndeclaredAndPrivate/ambiguous-default (0.01s)
=== RUN   TestNativeKindsAndGeneratedNames
--- PASS: TestNativeKindsAndGeneratedNames (0.01s)
=== RUN   TestNativeSignatureCollisionsAndVisibility
=== RUN   TestNativeSignatureCollisionsAndVisibility/duplicate_state
=== RUN   TestNativeSignatureCollisionsAndVisibility/duplicate_generated_field
=== RUN   TestNativeSignatureCollisionsAndVisibility/hidden_generated_record
=== RUN   TestNativeSignatureCollisionsAndVisibility/private_connection
=== RUN   TestNativeSignatureCollisionsAndVisibility/same_generated_name
=== RUN   TestNativeSignatureCollisionsAndVisibility/ordinary_name_collision
=== RUN   TestNativeSignatureCollisionsAndVisibility/wrong_connection_kind
--- PASS: TestNativeSignatureCollisionsAndVisibility (0.05s)
    --- PASS: TestNativeSignatureCollisionsAndVisibility/duplicate_state (0.01s)
    --- PASS: TestNativeSignatureCollisionsAndVisibility/duplicate_generated_field (0.00s)
    --- PASS: TestNativeSignatureCollisionsAndVisibility/hidden_generated_record (0.01s)
    --- PASS: TestNativeSignatureCollisionsAndVisibility/private_connection (0.00s)
    --- PASS: TestNativeSignatureCollisionsAndVisibility/same_generated_name (0.01s)
    --- PASS: TestNativeSignatureCollisionsAndVisibility/ordinary_name_collision (0.01s)
    --- PASS: TestNativeSignatureCollisionsAndVisibility/wrong_connection_kind (0.00s)
=== RUN   TestOwnerRecordConstructorConfinedToDeclaringPackage
--- PASS: TestOwnerRecordConstructorConfinedToDeclaringPackage (0.01s)
=== RUN   TestOwnerRecordExportedProjectionStaysNametypeable
--- PASS: TestOwnerRecordExportedProjectionStaysNametypeable (0.01s)
=== RUN   TestFlatPackagesFileImportsAndIndependentIdentities
--- PASS: TestFlatPackagesFileImportsAndIndependentIdentities (0.01s)
=== RUN   TestEligibleKindLookupSkipsIneligibleShadowing
--- PASS: TestEligibleKindLookupSkipsIneligibleShadowing (0.00s)
=== RUN   TestQualifiedLookupBypassesLocalValuesAndKeepsOpacity
--- PASS: TestQualifiedLookupBypassesLocalValuesAndKeepsOpacity (0.00s)
=== RUN   TestReceiverPackageMethodOwnership
--- PASS: TestReceiverPackageMethodOwnership (0.00s)
=== RUN   TestResolutionRejectsScopeAndSignatureViolations
--- PASS: TestResolutionRejectsScopeAndSignatureViolations (0.06s)
=== RUN   TestGenericParametersPrecedeReturnTypeResolution
--- PASS: TestGenericParametersPrecedeReturnTypeResolution (0.00s)
=== RUN   TestSignatureBoundsRequireEligibleVisibleErrors
--- PASS: TestSignatureBoundsRequireEligibleVisibleErrors (0.01s)
=== RUN   TestInternalVisibilityUsesCanonicalSourceLocations
--- PASS: TestInternalVisibilityUsesCanonicalSourceLocations (0.01s)
=== RUN   TestTransitiveDependencyDoesNotGrantDirectImport
--- PASS: TestTransitiveDependencyDoesNotGrantDirectImport (0.02s)
PASS
ok  	github.com/veighnsche/can-lang/compiler/internal/resolve	0.445s
=== RUN   TestLocateKeepsInnermost
--- PASS: TestLocateKeepsInnermost (0.00s)
=== RUN   TestLocateSkipsUnlocated
--- PASS: TestLocateSkipsUnlocated (0.00s)
=== RUN   TestRelateAttachesSecondary
--- PASS: TestRelateAttachesSecondary (0.00s)
=== RUN   TestOriginalBytesAndCoordinateConventions
--- PASS: TestOriginalBytesAndCoordinateConventions (0.00s)
=== RUN   TestRejectSplitAndOutOfRangeCoordinates
--- PASS: TestRejectSplitAndOutOfRangeCoordinates (0.00s)
=== RUN   TestInvalidUTF8HasOriginalOffset
--- PASS: TestInvalidUTF8HasOriginalOffset (0.00s)
=== RUN   FuzzCoordinates
=== RUN   FuzzCoordinates/seed#0
=== RUN   FuzzCoordinates/seed#1
=== RUN   FuzzCoordinates/seed#2
=== RUN   FuzzCoordinates/seed#3
=== RUN   FuzzCoordinates/seed#4
--- PASS: FuzzCoordinates (0.00s)
    --- PASS: FuzzCoordinates/seed#0 (0.00s)
    --- PASS: FuzzCoordinates/seed#1 (0.00s)
    --- PASS: FuzzCoordinates/seed#2 (0.00s)
    --- PASS: FuzzCoordinates/seed#3 (0.00s)
    --- PASS: FuzzCoordinates/seed#4 (0.00s)
PASS
ok  	github.com/veighnsche/can-lang/compiler/internal/source	0.171s
=== RUN   TestCorpus
=== RUN   TestCorpus/pg-01
=== RUN   TestCorpus/pg-02
=== RUN   TestCorpus/pg-03
=== RUN   TestCorpus/pg-04
=== RUN   TestCorpus/pg-05
=== RUN   TestCorpus/pg-06
=== RUN   TestCorpus/pg-07
=== RUN   TestCorpus/pg-08
=== RUN   TestCorpus/pg-09
=== RUN   TestCorpus/pg-10
=== RUN   TestCorpus/pg-11
=== RUN   TestCorpus/pg-12
=== RUN   TestCorpus/lite-01
=== RUN   TestCorpus/lite-02
=== RUN   TestCorpus/lite-03
=== RUN   TestCorpus/lite-04
=== RUN   TestCorpus/lite-05
=== RUN   TestCorpus/lite-06
=== RUN   TestCorpus/lite-07
=== RUN   TestCorpus/lite-08
=== RUN   TestCorpus/lite-09
=== RUN   TestCorpus/lite-10
=== RUN   TestCorpus/lite-11
=== RUN   TestCorpus/lite-12
=== RUN   TestCorpus/lite-13
=== RUN   TestCorpus/my-01
=== RUN   TestCorpus/my-02
=== RUN   TestCorpus/my-03
=== RUN   TestCorpus/my-04
=== RUN   TestCorpus/my-05
=== RUN   TestCorpus/my-06
=== RUN   TestCorpus/my-07
=== RUN   TestCorpus/my-08
=== RUN   TestCorpus/my-09
=== RUN   TestCorpus/my-10
=== RUN   TestCorpus/my-11
=== RUN   TestCorpus/my-12
=== RUN   TestCorpus/pg-13
=== RUN   TestCorpus/my-13
=== RUN   TestCorpus/lite-14
=== RUN   TestCorpus/lite-15
=== RUN   TestCorpus/lite-16
=== RUN   TestCorpus/lite-17
=== RUN   TestCorpus/lite-18
=== RUN   TestCorpus/pg-14
=== RUN   TestCorpus/lite-19
=== RUN   TestCorpus/lite-20
=== RUN   TestCorpus/lite-21
--- PASS: TestCorpus (0.01s)
    --- PASS: TestCorpus/pg-01 (0.00s)
    --- PASS: TestCorpus/pg-02 (0.00s)
    --- PASS: TestCorpus/pg-03 (0.00s)
    --- PASS: TestCorpus/pg-04 (0.00s)
    --- PASS: TestCorpus/pg-05 (0.00s)
    --- PASS: TestCorpus/pg-06 (0.00s)
    --- PASS: TestCorpus/pg-07 (0.00s)
    --- PASS: TestCorpus/pg-08 (0.00s)
    --- PASS: TestCorpus/pg-09 (0.00s)
    --- PASS: TestCorpus/pg-10 (0.00s)
    --- PASS: TestCorpus/pg-11 (0.00s)
    --- PASS: TestCorpus/pg-12 (0.00s)
    --- PASS: TestCorpus/lite-01 (0.00s)
    --- PASS: TestCorpus/lite-02 (0.00s)
    --- PASS: TestCorpus/lite-03 (0.00s)
    --- PASS: TestCorpus/lite-04 (0.00s)
    --- PASS: TestCorpus/lite-05 (0.00s)
    --- PASS: TestCorpus/lite-06 (0.00s)
    --- PASS: TestCorpus/lite-07 (0.00s)
    --- PASS: TestCorpus/lite-08 (0.00s)
    --- PASS: TestCorpus/lite-09 (0.00s)
    --- PASS: TestCorpus/lite-10 (0.00s)
    --- PASS: TestCorpus/lite-11 (0.00s)
    --- PASS: TestCorpus/lite-12 (0.00s)
    --- PASS: TestCorpus/lite-13 (0.00s)
    --- PASS: TestCorpus/my-01 (0.00s)
    --- PASS: TestCorpus/my-02 (0.00s)
    --- PASS: TestCorpus/my-03 (0.00s)
    --- PASS: TestCorpus/my-04 (0.00s)
    --- PASS: TestCorpus/my-05 (0.00s)
    --- PASS: TestCorpus/my-06 (0.00s)
    --- PASS: TestCorpus/my-07 (0.00s)
    --- PASS: TestCorpus/my-08 (0.00s)
    --- PASS: TestCorpus/my-09 (0.00s)
    --- PASS: TestCorpus/my-10 (0.00s)
    --- PASS: TestCorpus/my-11 (0.00s)
    --- PASS: TestCorpus/my-12 (0.00s)
    --- PASS: TestCorpus/pg-13 (0.00s)
    --- PASS: TestCorpus/my-13 (0.00s)
    --- PASS: TestCorpus/lite-14 (0.00s)
    --- PASS: TestCorpus/lite-15 (0.00s)
    --- PASS: TestCorpus/lite-16 (0.00s)
    --- PASS: TestCorpus/lite-17 (0.00s)
    --- PASS: TestCorpus/lite-18 (0.00s)
    --- PASS: TestCorpus/pg-14 (0.00s)
    --- PASS: TestCorpus/lite-19 (0.00s)
    --- PASS: TestCorpus/lite-20 (0.00s)
    --- PASS: TestCorpus/lite-21 (0.00s)
=== RUN   TestCheckDescriptorSelect
--- PASS: TestCheckDescriptorSelect (0.00s)
=== RUN   TestCheckDescriptorRepeatsAndHiddenParams
--- PASS: TestCheckDescriptorRepeatsAndHiddenParams (0.00s)
=== RUN   TestCheckDescriptorExecuteShapes
--- PASS: TestCheckDescriptorExecuteShapes (0.00s)
=== RUN   TestCheckDescriptorRejects
--- PASS: TestCheckDescriptorRejects (0.00s)
=== RUN   TestCheckDescriptorAllowsTrivia
--- PASS: TestCheckDescriptorAllowsTrivia (0.00s)
=== RUN   TestCheckDescriptorAdmitsRichSelects
--- PASS: TestCheckDescriptorAdmitsRichSelects (0.00s)
=== RUN   TestMySQLDifferential
    differential_test.go:25: set CAN_TEST_MYSQL_URL for the live MySQL differential
--- SKIP: TestMySQLDifferential (0.00s)
=== RUN   TestVersionPinsPostgreSQL17
--- PASS: TestVersionPinsPostgreSQL17 (0.00s)
=== RUN   TestParseSelectParams
--- PASS: TestParseSelectParams (0.00s)
=== RUN   TestScanHidesParamsInStringsQuotesAndComments
--- PASS: TestScanHidesParamsInStringsQuotesAndComments (0.00s)
=== RUN   TestScanUsesByteOffsetsAcrossMultibyteText
--- PASS: TestScanUsesByteOffsetsAcrossMultibyteText (0.00s)
=== RUN   TestFailuresStayVerbatimWithCursor
--- PASS: TestFailuresStayVerbatimWithCursor (0.00s)
=== RUN   TestMultiStatementSpans
--- PASS: TestMultiStatementSpans (0.00s)
=== RUN   TestEmptyInputsYieldNoStatements
--- PASS: TestEmptyInputsYieldNoStatements (0.00s)
=== RUN   TestStatementKindsAndLimitParams
--- PASS: TestStatementKindsAndLimitParams (0.00s)
=== RUN   TestStatementLimitAndReturningShapes
--- PASS: TestStatementLimitAndReturningShapes (0.00s)
=== RUN   TestKeywordKindsRideAlong
--- PASS: TestKeywordKindsRideAlong (0.00s)
=== RUN   TestInvalidUTF8StaysDeterministic
--- PASS: TestInvalidUTF8StaysDeterministic (0.00s)
PASS
ok  	github.com/veighnsche/can-lang/compiler/internal/sql	0.303s
=== RUN   TestParseSelectSpans
--- PASS: TestParseSelectSpans (0.00s)
=== RUN   TestParseParameterSpellings
    glue_test.go:39: "?": hasError=false binds=1
    glue_test.go:39: "?7": hasError=false binds=1
    glue_test.go:39: ":name": hasError=false binds=1
    glue_test.go:39: "@name": hasError=false binds=1
    glue_test.go:39: "$name": hasError=false binds=1
--- PASS: TestParseParameterSpellings (0.00s)
=== RUN   TestParseErrors
    glue_test.go:54: "SELECT * FORM users WHERE id = ?": hasError=true
    glue_test.go:54: "SELECT name FROM users WHERE nick = 'unterminated": hasError=true
    glue_test.go:54: "SELECT ": hasError=true
    glue_test.go:54: "SELECT * FROM t WHERE x = $1": hasError=true
--- PASS: TestParseErrors (0.00s)
=== RUN   TestParseKinds
--- PASS: TestParseKinds (0.00s)
PASS
ok  	github.com/veighnsche/can-lang/compiler/internal/sql/sqlite	0.153s
=== RUN   TestActionSelectedDeclarationsParse
--- PASS: TestActionSelectedDeclarationsParse (0.00s)
=== RUN   TestActionFormatRoundTrip
--- PASS: TestActionFormatRoundTrip (0.00s)
=== RUN   TestActionParsingRejects
=== RUN   TestActionParsingRejects/empty_cases
=== RUN   TestActionParsingRejects/old_arrow_case
=== RUN   TestActionParsingRejects/unknown_method
=== RUN   TestActionParsingRejects/missing_route
=== RUN   TestActionParsingRejects/nonliteral_path
=== RUN   TestActionParsingRejects/post_input_none
=== RUN   TestActionParsingRejects/missing_input
=== RUN   TestActionParsingRejects/old_body_wire_clause
=== RUN   TestActionParsingRejects/duplicate_input
=== RUN   TestActionParsingRejects/bare_action
=== RUN   TestActionParsingRejects/input_not_none
=== RUN   TestActionParsingRejects/missing_limit
=== RUN   TestActionParsingRejects/handles_removed
=== RUN   TestActionParsingRejects/result_removed
=== RUN   TestActionParsingRejects/missing_returns
=== RUN   TestActionParsingRejects/missing_body
=== RUN   TestActionParsingRejects/unknown_body_mode
=== RUN   TestActionParsingRejects/get_wire_input
=== RUN   TestActionParsingRejects/missing_cases
=== RUN   TestActionParsingRejects/case_without_status
=== RUN   TestActionParsingRejects/unknown_swap_policy
=== RUN   TestActionParsingRejects/duplicate_captures
=== RUN   TestActionParsingRejects/old_captures_block
=== RUN   TestActionParsingRejects/rows_limit_on_json
--- PASS: TestActionParsingRejects (0.00s)
    --- PASS: TestActionParsingRejects/empty_cases (0.00s)
    --- PASS: TestActionParsingRejects/old_arrow_case (0.00s)
    --- PASS: TestActionParsingRejects/unknown_method (0.00s)
    --- PASS: TestActionParsingRejects/missing_route (0.00s)
    --- PASS: TestActionParsingRejects/nonliteral_path (0.00s)
    --- PASS: TestActionParsingRejects/post_input_none (0.00s)
    --- PASS: TestActionParsingRejects/missing_input (0.00s)
    --- PASS: TestActionParsingRejects/old_body_wire_clause (0.00s)
    --- PASS: TestActionParsingRejects/duplicate_input (0.00s)
    --- PASS: TestActionParsingRejects/bare_action (0.00s)
    --- PASS: TestActionParsingRejects/input_not_none (0.00s)
    --- PASS: TestActionParsingRejects/missing_limit (0.00s)
    --- PASS: TestActionParsingRejects/handles_removed (0.00s)
    --- PASS: TestActionParsingRejects/result_removed (0.00s)
    --- PASS: TestActionParsingRejects/missing_returns (0.00s)
    --- PASS: TestActionParsingRejects/missing_body (0.00s)
    --- PASS: TestActionParsingRejects/unknown_body_mode (0.00s)
    --- PASS: TestActionParsingRejects/get_wire_input (0.00s)
    --- PASS: TestActionParsingRejects/missing_cases (0.00s)
    --- PASS: TestActionParsingRejects/case_without_status (0.00s)
    --- PASS: TestActionParsingRejects/unknown_swap_policy (0.00s)
    --- PASS: TestActionParsingRejects/duplicate_captures (0.00s)
    --- PASS: TestActionParsingRejects/old_captures_block (0.00s)
    --- PASS: TestActionParsingRejects/rows_limit_on_json (0.00s)
=== RUN   TestActionHandlesRejectionCarriesSpan
--- PASS: TestActionHandlesRejectionCarriesSpan (0.00s)
=== RUN   TestActionQualifiedNames
--- PASS: TestActionQualifiedNames (0.00s)
=== RUN   TestCoordinationGrammarAndRendering
--- PASS: TestCoordinationGrammarAndRendering (0.00s)
=== RUN   TestCoordinationRejectsWrongArmPlacement
--- PASS: TestCoordinationRejectsWrongArmPlacement (0.00s)
=== RUN   TestCoreIntegratedSurfaceRoundTrip
--- PASS: TestCoreIntegratedSurfaceRoundTrip (0.00s)
=== RUN   TestParserLocationsAndGroupingSurviveRendering
--- PASS: TestParserLocationsAndGroupingSurviveRendering (0.00s)
=== RUN   TestCoreSpecificationPackage
--- PASS: TestCoreSpecificationPackage (0.00s)
=== RUN   TestCoreConsumerSpecification
--- PASS: TestCoreConsumerSpecification (0.00s)
=== RUN   TestCompleteCoreDecisionExamples
=== RUN   TestCompleteCoreDecisionExamples/example_01
=== RUN   TestCompleteCoreDecisionExamples/example_02
=== RUN   TestCompleteCoreDecisionExamples/example_03
=== RUN   TestCompleteCoreDecisionExamples/example_04
=== RUN   TestCompleteCoreDecisionExamples/example_05
=== RUN   TestCompleteCoreDecisionExamples/example_06
=== RUN   TestCompleteCoreDecisionExamples/example_07
=== RUN   TestCompleteCoreDecisionExamples/example_08
=== RUN   TestCompleteCoreDecisionExamples/example_09
=== RUN   TestCompleteCoreDecisionExamples/example_10
=== RUN   TestCompleteCoreDecisionExamples/example_11
=== RUN   TestCompleteCoreDecisionExamples/example_12
=== RUN   TestCompleteCoreDecisionExamples/example_13
--- PASS: TestCompleteCoreDecisionExamples (0.00s)
    --- PASS: TestCompleteCoreDecisionExamples/example_01 (0.00s)
    --- PASS: TestCompleteCoreDecisionExamples/example_02 (0.00s)
    --- PASS: TestCompleteCoreDecisionExamples/example_03 (0.00s)
    --- PASS: TestCompleteCoreDecisionExamples/example_04 (0.00s)
    --- PASS: TestCompleteCoreDecisionExamples/example_05 (0.00s)
    --- PASS: TestCompleteCoreDecisionExamples/example_06 (0.00s)
    --- PASS: TestCompleteCoreDecisionExamples/example_07 (0.00s)
    --- PASS: TestCompleteCoreDecisionExamples/example_08 (0.00s)
    --- PASS: TestCompleteCoreDecisionExamples/example_09 (0.00s)
    --- PASS: TestCompleteCoreDecisionExamples/example_10 (0.00s)
    --- PASS: TestCompleteCoreDecisionExamples/example_11 (0.00s)
    --- PASS: TestCompleteCoreDecisionExamples/example_12 (0.00s)
    --- PASS: TestCompleteCoreDecisionExamples/example_13 (0.00s)
=== RUN   TestCurrentDeclarationsAndBodies
--- PASS: TestCurrentDeclarationsAndBodies (0.00s)
=== RUN   TestPatternNodes
--- PASS: TestPatternNodes (0.00s)
=== RUN   TestFileParserRejectsObsoleteAndMalformedGrammar
--- PASS: TestFileParserRejectsObsoleteAndMalformedGrammar (0.00s)
=== RUN   TestCompletionRegionsRejectAmbiguousOrUnadmittedForms
--- PASS: TestCompletionRegionsRejectAmbiguousOrUnadmittedForms (0.00s)
=== RUN   TestNestedParenthesizedArgumentsParseOnce
--- PASS: TestNestedParenthesizedArgumentsParseOnce (0.00s)
=== RUN   TestExpressionPrecedence
--- PASS: TestExpressionPrecedence (0.00s)
=== RUN   TestExplicitCallsAndConstructors
--- PASS: TestExplicitCallsAndConstructors (0.00s)
=== RUN   TestArraysSlicesAndUpdates
--- PASS: TestArraysSlicesAndUpdates (0.00s)
=== RUN   TestExpressionsRejectMalformedForms
--- PASS: TestExpressionsRejectMalformedForms (0.00s)
=== RUN   TestFixtureDeclarationParsing
--- PASS: TestFixtureDeclarationParsing (0.00s)
=== RUN   TestFixtureGenericTargetParsing
--- PASS: TestFixtureGenericTargetParsing (0.00s)
=== RUN   TestUseRowParsing
--- PASS: TestUseRowParsing (0.00s)
=== RUN   TestFixtureDeclarationRejects
=== RUN   TestFixtureDeclarationRejects/missing_cases
=== RUN   TestFixtureDeclarationRejects/empty_cases
=== RUN   TestFixtureDeclarationRejects/missing_target
=== RUN   TestFixtureDeclarationRejects/spread_case_input
=== RUN   TestFixtureDeclarationRejects/use_with_mode
--- PASS: TestFixtureDeclarationRejects (0.00s)
    --- PASS: TestFixtureDeclarationRejects/missing_cases (0.00s)
    --- PASS: TestFixtureDeclarationRejects/empty_cases (0.00s)
    --- PASS: TestFixtureDeclarationRejects/missing_target (0.00s)
    --- PASS: TestFixtureDeclarationRejects/spread_case_input (0.00s)
    --- PASS: TestFixtureDeclarationRejects/use_with_mode (0.00s)
=== RUN   TestFormatTriviaPreservesComments
--- PASS: TestFormatTriviaPreservesComments (0.00s)
=== RUN   TestFormatTriviaPreservesBlankGroups
--- PASS: TestFormatTriviaPreservesBlankGroups (0.00s)
=== RUN   TestFormatTriviaCRLFAndUTF8
--- PASS: TestFormatTriviaCRLFAndUTF8 (0.00s)
=== RUN   TestFormatTriviaSyntheticLines
--- PASS: TestFormatTriviaSyntheticLines (0.00s)
=== RUN   TestFormatTriviaTestdataRoundTrip
=== RUN   TestFormatTriviaTestdataRoundTrip/arrays/contracts.can
=== RUN   TestFormatTriviaTestdataRoundTrip/arrays/main.can
=== RUN   TestFormatTriviaTestdataRoundTrip/assertions/basic.can
=== RUN   TestFormatTriviaTestdataRoundTrip/assertions/native-slice.can
=== RUN   TestFormatTriviaTestdataRoundTrip/assertions/queues.can
=== RUN   TestFormatTriviaTestdataRoundTrip/assets/page.can
=== RUN   TestFormatTriviaTestdataRoundTrip/bytes/roundtrip.can
=== RUN   TestFormatTriviaTestdataRoundTrip/callables/captures.can
=== RUN   TestFormatTriviaTestdataRoundTrip/checks/main.can
=== RUN   TestFormatTriviaTestdataRoundTrip/cli/echo.can
=== RUN   TestFormatTriviaTestdataRoundTrip/cli/environment.can
=== RUN   TestFormatTriviaTestdataRoundTrip/cli/input-text.can
=== RUN   TestFormatTriviaTestdataRoundTrip/cli/input.can
=== RUN   TestFormatTriviaTestdataRoundTrip/cli/utilities.can
=== RUN   TestFormatTriviaTestdataRoundTrip/codec/formats.can
=== RUN   TestFormatTriviaTestdataRoundTrip/codec/roundtrip.can
=== RUN   TestFormatTriviaTestdataRoundTrip/cookies/session.can
=== RUN   TestFormatTriviaTestdataRoundTrip/coordination/aggregate-composition.can
=== RUN   TestFormatTriviaTestdataRoundTrip/coordination/heterogeneous.can
=== RUN   TestFormatTriviaTestdataRoundTrip/coordination/main.can
=== RUN   TestFormatTriviaTestdataRoundTrip/crypto/commands.can
=== RUN   TestFormatTriviaTestdataRoundTrip/fetch/main.can
=== RUN   TestFormatTriviaTestdataRoundTrip/generics/chain-core.can
=== RUN   TestFormatTriviaTestdataRoundTrip/generics/chain-helpers.can
=== RUN   TestFormatTriviaTestdataRoundTrip/generics/chain-mail.can
=== RUN   TestFormatTriviaTestdataRoundTrip/generics/chain-main.can
=== RUN   TestFormatTriviaTestdataRoundTrip/generics/definitions.can
=== RUN   TestFormatTriviaTestdataRoundTrip/generics/finite-field-chain.can
=== RUN   TestFormatTriviaTestdataRoundTrip/generics/finite-transition.can
=== RUN   TestFormatTriviaTestdataRoundTrip/generics/helper.can
=== RUN   TestFormatTriviaTestdataRoundTrip/generics/main.can
=== RUN   TestFormatTriviaTestdataRoundTrip/generics/spread-inferred.can
=== RUN   TestFormatTriviaTestdataRoundTrip/html/main.can
=== RUN   TestFormatTriviaTestdataRoundTrip/http/main.can
=== RUN   TestFormatTriviaTestdataRoundTrip/http/server.can
=== RUN   TestFormatTriviaTestdataRoundTrip/http/tls.can
=== RUN   TestFormatTriviaTestdataRoundTrip/lexer/core.can
    format_trivia_test.go:230: negative fixture: [{Code:syntax Message:expected name, found "(" Span:{Start:330 End:331}}]
=== RUN   TestFormatTriviaTestdataRoundTrip/lexer/literals.can
=== RUN   TestFormatTriviaTestdataRoundTrip/markdown/main.can
=== RUN   TestFormatTriviaTestdataRoundTrip/native/declarations.can
=== RUN   TestFormatTriviaTestdataRoundTrip/native/generation.can
=== RUN   TestFormatTriviaTestdataRoundTrip/native/noul.can
=== RUN   TestFormatTriviaTestdataRoundTrip/native/questions.can
=== RUN   TestFormatTriviaTestdataRoundTrip/parser/offline.can
=== RUN   TestFormatTriviaTestdataRoundTrip/project/src/alpha/second.can
=== RUN   TestFormatTriviaTestdataRoundTrip/project/src/alpha/shared.can
=== RUN   TestFormatTriviaTestdataRoundTrip/project/src/beta/shared.can
=== RUN   TestFormatTriviaTestdataRoundTrip/project/src/main/main.can
=== RUN   TestFormatTriviaTestdataRoundTrip/project/vendor/sample/src/shared.can
=== RUN   TestFormatTriviaTestdataRoundTrip/s3/objects.can
=== RUN   TestFormatTriviaTestdataRoundTrip/sql/descriptors.can
=== RUN   TestFormatTriviaTestdataRoundTrip/sql/mysql.can
=== RUN   TestFormatTriviaTestdataRoundTrip/sql/queries.can
=== RUN   TestFormatTriviaTestdataRoundTrip/sql/sqlite.can
=== RUN   TestFormatTriviaTestdataRoundTrip/sql/transactions.can
=== RUN   TestFormatTriviaTestdataRoundTrip/templates/helpers.can
=== RUN   TestFormatTriviaTestdataRoundTrip/templates/main.can
=== RUN   TestFormatTriviaTestdataRoundTrip/wrap/main.can
=== RUN   TestFormatTriviaTestdataRoundTrip/ws/socket.can
--- PASS: TestFormatTriviaTestdataRoundTrip (0.04s)
    --- PASS: TestFormatTriviaTestdataRoundTrip/arrays/contracts.can (0.00s)
    --- PASS: TestFormatTriviaTestdataRoundTrip/arrays/main.can (0.00s)
    --- PASS: TestFormatTriviaTestdataRoundTrip/assertions/basic.can (0.00s)
    --- PASS: TestFormatTriviaTestdataRoundTrip/assertions/native-slice.can (0.00s)
    --- PASS: TestFormatTriviaTestdataRoundTrip/assertions/queues.can (0.00s)
    --- PASS: TestFormatTriviaTestdataRoundTrip/assets/page.can (0.00s)
    --- PASS: TestFormatTriviaTestdataRoundTrip/bytes/roundtrip.can (0.00s)
    --- PASS: TestFormatTriviaTestdataRoundTrip/callables/captures.can (0.00s)
    --- PASS: TestFormatTriviaTestdataRoundTrip/checks/main.can (0.00s)
    --- PASS: TestFormatTriviaTestdataRoundTrip/cli/echo.can (0.00s)
    --- PASS: TestFormatTriviaTestdataRoundTrip/cli/environment.can (0.00s)
    --- PASS: TestFormatTriviaTestdataRoundTrip/cli/input-text.can (0.00s)
    --- PASS: TestFormatTriviaTestdataRoundTrip/cli/input.can (0.00s)
    --- PASS: TestFormatTriviaTestdataRoundTrip/cli/utilities.can (0.00s)
    --- PASS: TestFormatTriviaTestdataRoundTrip/codec/formats.can (0.00s)
    --- PASS: TestFormatTriviaTestdataRoundTrip/codec/roundtrip.can (0.00s)
    --- PASS: TestFormatTriviaTestdataRoundTrip/cookies/session.can (0.00s)
    --- PASS: TestFormatTriviaTestdataRoundTrip/coordination/aggregate-composition.can (0.00s)
    --- PASS: TestFormatTriviaTestdataRoundTrip/coordination/heterogeneous.can (0.00s)
    --- PASS: TestFormatTriviaTestdataRoundTrip/coordination/main.can (0.00s)
    --- PASS: TestFormatTriviaTestdataRoundTrip/crypto/commands.can (0.00s)
    --- PASS: TestFormatTriviaTestdataRoundTrip/fetch/main.can (0.00s)
    --- PASS: TestFormatTriviaTestdataRoundTrip/generics/chain-core.can (0.00s)
    --- PASS: TestFormatTriviaTestdataRoundTrip/generics/chain-helpers.can (0.00s)
    --- PASS: TestFormatTriviaTestdataRoundTrip/generics/chain-mail.can (0.00s)
    --- PASS: TestFormatTriviaTestdataRoundTrip/generics/chain-main.can (0.00s)
    --- PASS: TestFormatTriviaTestdataRoundTrip/generics/definitions.can (0.00s)
    --- PASS: TestFormatTriviaTestdataRoundTrip/generics/finite-field-chain.can (0.00s)
    --- PASS: TestFormatTriviaTestdataRoundTrip/generics/finite-transition.can (0.00s)
    --- PASS: TestFormatTriviaTestdataRoundTrip/generics/helper.can (0.00s)
    --- PASS: TestFormatTriviaTestdataRoundTrip/generics/main.can (0.00s)
    --- PASS: TestFormatTriviaTestdataRoundTrip/generics/spread-inferred.can (0.00s)
    --- PASS: TestFormatTriviaTestdataRoundTrip/html/main.can (0.00s)
    --- PASS: TestFormatTriviaTestdataRoundTrip/http/main.can (0.00s)
    --- PASS: TestFormatTriviaTestdataRoundTrip/http/server.can (0.00s)
    --- PASS: TestFormatTriviaTestdataRoundTrip/http/tls.can (0.00s)
    --- SKIP: TestFormatTriviaTestdataRoundTrip/lexer/core.can (0.00s)
    --- PASS: TestFormatTriviaTestdataRoundTrip/lexer/literals.can (0.00s)
    --- PASS: TestFormatTriviaTestdataRoundTrip/markdown/main.can (0.00s)
    --- PASS: TestFormatTriviaTestdataRoundTrip/native/declarations.can (0.00s)
    --- PASS: TestFormatTriviaTestdataRoundTrip/native/generation.can (0.00s)
    --- PASS: TestFormatTriviaTestdataRoundTrip/native/noul.can (0.00s)
    --- PASS: TestFormatTriviaTestdataRoundTrip/native/questions.can (0.00s)
    --- PASS: TestFormatTriviaTestdataRoundTrip/parser/offline.can (0.00s)
    --- PASS: TestFormatTriviaTestdataRoundTrip/project/src/alpha/second.can (0.00s)
    --- PASS: TestFormatTriviaTestdataRoundTrip/project/src/alpha/shared.can (0.00s)
    --- PASS: TestFormatTriviaTestdataRoundTrip/project/src/beta/shared.can (0.00s)
    --- PASS: TestFormatTriviaTestdataRoundTrip/project/src/main/main.can (0.00s)
    --- PASS: TestFormatTriviaTestdataRoundTrip/project/vendor/sample/src/shared.can (0.00s)
    --- PASS: TestFormatTriviaTestdataRoundTrip/s3/objects.can (0.01s)
    --- PASS: TestFormatTriviaTestdataRoundTrip/sql/descriptors.can (0.00s)
    --- PASS: TestFormatTriviaTestdataRoundTrip/sql/mysql.can (0.00s)
    --- PASS: TestFormatTriviaTestdataRoundTrip/sql/queries.can (0.00s)
    --- PASS: TestFormatTriviaTestdataRoundTrip/sql/sqlite.can (0.00s)
    --- PASS: TestFormatTriviaTestdataRoundTrip/sql/transactions.can (0.00s)
    --- PASS: TestFormatTriviaTestdataRoundTrip/templates/helpers.can (0.00s)
    --- PASS: TestFormatTriviaTestdataRoundTrip/templates/main.can (0.00s)
    --- PASS: TestFormatTriviaTestdataRoundTrip/wrap/main.can (0.00s)
    --- PASS: TestFormatTriviaTestdataRoundTrip/ws/socket.can (0.00s)
=== RUN   TestFormatTriviaStringsAndNesting
--- PASS: TestFormatTriviaStringsAndNesting (0.00s)
=== RUN   TestFormatTriviaNativeForms
=== RUN   TestFormatTriviaNativeForms/../../testdata/current/wrap/main.can
=== RUN   TestFormatTriviaNativeForms/../../testdata/current/templates/main.can
--- PASS: TestFormatTriviaNativeForms (0.00s)
    --- PASS: TestFormatTriviaNativeForms/../../testdata/current/wrap/main.can (0.00s)
    --- PASS: TestFormatTriviaNativeForms/../../testdata/current/templates/main.can (0.00s)
=== RUN   TestIndentationAndCommentOnlyLines
--- PASS: TestIndentationAndCommentOnlyLines (0.00s)
=== RUN   TestCommentSeparationNestingAndDocumentation
--- PASS: TestCommentSeparationNestingAndDocumentation (0.00s)
=== RUN   TestKeywordsAndContextualNames
--- PASS: TestKeywordsAndContextualNames (0.00s)
=== RUN   TestStringDecodingAndOriginalSpans
=== RUN   TestStringDecodingAndOriginalSpans/"line\n\r\t\0\"\\"
=== RUN   TestStringDecodingAndOriginalSpans/"\q\u1234\x41\a"
=== RUN   TestStringDecodingAndOriginalSpans/r"C:\files\notes\"
=== RUN   TestStringDecodingAndOriginalSpans/"""______é😀__"""
=== RUN   TestStringDecodingAndOriginalSpans/r"""___\"_"""
=== RUN   TestStringDecodingAndOriginalSpans/"""one_"_two_""_end"""
=== RUN   TestStringDecodingAndOriginalSpans/"bare_return_inside"
=== RUN   TestStringDecodingAndOriginalSpans/"\ufeff"
--- PASS: TestStringDecodingAndOriginalSpans (0.00s)
    --- PASS: TestStringDecodingAndOriginalSpans/"line\n\r\t\0\"\\" (0.00s)
    --- PASS: TestStringDecodingAndOriginalSpans/"\q\u1234\x41\a" (0.00s)
    --- PASS: TestStringDecodingAndOriginalSpans/r"C:\files\notes\" (0.00s)
    --- PASS: TestStringDecodingAndOriginalSpans/"""______é😀__""" (0.00s)
    --- PASS: TestStringDecodingAndOriginalSpans/r"""___\"_""" (0.00s)
    --- PASS: TestStringDecodingAndOriginalSpans/"""one_"_two_""_end""" (0.00s)
    --- PASS: TestStringDecodingAndOriginalSpans/"bare_return_inside" (0.00s)
    --- PASS: TestStringDecodingAndOriginalSpans/"\ufeff" (0.00s)
=== RUN   TestNumericLiteralsRangesAndSigns
--- PASS: TestNumericLiteralsRangesAndSigns (0.00s)
=== RUN   TestLexicalFailuresHavePreciseSpans
=== RUN   TestLexicalFailuresHavePreciseSpans/____first
=== RUN   TestLexicalFailuresHavePreciseSpans/a___b
=== RUN   TestLexicalFailuresHavePreciseSpans/a_________b
=== RUN   TestLexicalFailuresHavePreciseSpans/a_____b_______c
=== RUN   TestLexicalFailuresHavePreciseSpans/a__b
=== RUN   TestLexicalFailuresHavePreciseSpans///_tab_
=== RUN   TestLexicalFailuresHavePreciseSpans/a_b
=== RUN   TestLexicalFailuresHavePreciseSpans//*_x__*/
=== RUN   TestLexicalFailuresHavePreciseSpans/a_b#01
=== RUN   TestLexicalFailuresHavePreciseSpans/a\ufeffb
=== RUN   TestLexicalFailuresHavePreciseSpans/Bad
=== RUN   TestLexicalFailuresHavePreciseSpans/bad__name
=== RUN   TestLexicalFailuresHavePreciseSpans/bad_
=== RUN   TestLexicalFailuresHavePreciseSpans/_bad
=== RUN   TestLexicalFailuresHavePreciseSpans/café
=== RUN   TestLexicalFailuresHavePreciseSpans/01
=== RUN   TestLexicalFailuresHavePreciseSpans/0x
=== RUN   TestLexicalFailuresHavePreciseSpans/0b102
=== RUN   TestLexicalFailuresHavePreciseSpans/0o8
=== RUN   TestLexicalFailuresHavePreciseSpans/0x1.2
=== RUN   TestLexicalFailuresHavePreciseSpans/1_000
=== RUN   TestLexicalFailuresHavePreciseSpans/1e+
=== RUN   TestLexicalFailuresHavePreciseSpans/.5
=== RUN   TestLexicalFailuresHavePreciseSpans/1.
=== RUN   TestLexicalFailuresHavePreciseSpans/1e9999
=== RUN   TestLexicalFailuresHavePreciseSpans/"x_y"
=== RUN   TestLexicalFailuresHavePreciseSpans/"unclosed
=== RUN   TestLexicalFailuresHavePreciseSpans/r"""unclosed
=== RUN   TestLexicalFailuresHavePreciseSpans//*_unclosed_/*_*/
=== RUN   TestLexicalFailuresHavePreciseSpans/call_f(_)
=== RUN   TestLexicalFailuresHavePreciseSpans/[r"""x_y"""]
=== RUN   TestLexicalFailuresHavePreciseSpans/(x_/*_*/)
=== RUN   TestLexicalFailuresHavePreciseSpans/(]
=== RUN   TestLexicalFailuresHavePreciseSpans/(
=== RUN   TestLexicalFailuresHavePreciseSpans/)
=== RUN   TestLexicalFailuresHavePreciseSpans/;
=== RUN   TestLexicalFailuresHavePreciseSpans/{
=== RUN   TestLexicalFailuresHavePreciseSpans/}
=== RUN   TestLexicalFailuresHavePreciseSpans/'
=== RUN   TestLexicalFailuresHavePreciseSpans/\
=== RUN   TestLexicalFailuresHavePreciseSpans/==
=== RUN   TestLexicalFailuresHavePreciseSpans/!=
=== RUN   TestLexicalFailuresHavePreciseSpans/&&
=== RUN   TestLexicalFailuresHavePreciseSpans/||
=== RUN   TestLexicalFailuresHavePreciseSpans/+=
=== RUN   TestLexicalFailuresHavePreciseSpans/->
=== RUN   TestLexicalFailuresHavePreciseSpans/@
=== RUN   TestLexicalFailuresHavePreciseSpans/?
--- PASS: TestLexicalFailuresHavePreciseSpans (0.00s)
    --- PASS: TestLexicalFailuresHavePreciseSpans/____first (0.00s)
    --- PASS: TestLexicalFailuresHavePreciseSpans/a___b (0.00s)
    --- PASS: TestLexicalFailuresHavePreciseSpans/a_________b (0.00s)
    --- PASS: TestLexicalFailuresHavePreciseSpans/a_____b_______c (0.00s)
    --- PASS: TestLexicalFailuresHavePreciseSpans/a__b (0.00s)
    --- PASS: TestLexicalFailuresHavePreciseSpans///_tab_ (0.00s)
    --- PASS: TestLexicalFailuresHavePreciseSpans/a_b (0.00s)
    --- PASS: TestLexicalFailuresHavePreciseSpans//*_x__*/ (0.00s)
    --- PASS: TestLexicalFailuresHavePreciseSpans/a_b#01 (0.00s)
    --- PASS: TestLexicalFailuresHavePreciseSpans/a\ufeffb (0.00s)
    --- PASS: TestLexicalFailuresHavePreciseSpans/Bad (0.00s)
    --- PASS: TestLexicalFailuresHavePreciseSpans/bad__name (0.00s)
    --- PASS: TestLexicalFailuresHavePreciseSpans/bad_ (0.00s)
    --- PASS: TestLexicalFailuresHavePreciseSpans/_bad (0.00s)
    --- PASS: TestLexicalFailuresHavePreciseSpans/café (0.00s)
    --- PASS: TestLexicalFailuresHavePreciseSpans/01 (0.00s)
    --- PASS: TestLexicalFailuresHavePreciseSpans/0x (0.00s)
    --- PASS: TestLexicalFailuresHavePreciseSpans/0b102 (0.00s)
    --- PASS: TestLexicalFailuresHavePreciseSpans/0o8 (0.00s)
    --- PASS: TestLexicalFailuresHavePreciseSpans/0x1.2 (0.00s)
    --- PASS: TestLexicalFailuresHavePreciseSpans/1_000 (0.00s)
    --- PASS: TestLexicalFailuresHavePreciseSpans/1e+ (0.00s)
    --- PASS: TestLexicalFailuresHavePreciseSpans/.5 (0.00s)
    --- PASS: TestLexicalFailuresHavePreciseSpans/1. (0.00s)
    --- PASS: TestLexicalFailuresHavePreciseSpans/1e9999 (0.00s)
    --- PASS: TestLexicalFailuresHavePreciseSpans/"x_y" (0.00s)
    --- PASS: TestLexicalFailuresHavePreciseSpans/"unclosed (0.00s)
    --- PASS: TestLexicalFailuresHavePreciseSpans/r"""unclosed (0.00s)
    --- PASS: TestLexicalFailuresHavePreciseSpans//*_unclosed_/*_*/ (0.00s)
    --- PASS: TestLexicalFailuresHavePreciseSpans/call_f(_) (0.00s)
    --- PASS: TestLexicalFailuresHavePreciseSpans/[r"""x_y"""] (0.00s)
    --- PASS: TestLexicalFailuresHavePreciseSpans/(x_/*_*/) (0.00s)
    --- PASS: TestLexicalFailuresHavePreciseSpans/(] (0.00s)
    --- PASS: TestLexicalFailuresHavePreciseSpans/( (0.00s)
    --- PASS: TestLexicalFailuresHavePreciseSpans/) (0.00s)
    --- PASS: TestLexicalFailuresHavePreciseSpans/; (0.00s)
    --- PASS: TestLexicalFailuresHavePreciseSpans/{ (0.00s)
    --- PASS: TestLexicalFailuresHavePreciseSpans/} (0.00s)
    --- PASS: TestLexicalFailuresHavePreciseSpans/' (0.00s)
    --- PASS: TestLexicalFailuresHavePreciseSpans/\ (0.00s)
    --- PASS: TestLexicalFailuresHavePreciseSpans/== (0.00s)
    --- PASS: TestLexicalFailuresHavePreciseSpans/!= (0.00s)
    --- PASS: TestLexicalFailuresHavePreciseSpans/&& (0.00s)
    --- PASS: TestLexicalFailuresHavePreciseSpans/|| (0.00s)
    --- PASS: TestLexicalFailuresHavePreciseSpans/+= (0.00s)
    --- PASS: TestLexicalFailuresHavePreciseSpans/-> (0.00s)
    --- PASS: TestLexicalFailuresHavePreciseSpans/@ (0.00s)
    --- PASS: TestLexicalFailuresHavePreciseSpans/? (0.00s)
=== RUN   TestLFAndCRLFHaveIdenticalLogicalTokens
--- PASS: TestLFAndCRLFHaveIdenticalLogicalTokens (0.00s)
=== RUN   TestCurrentFixturesAndSharedPositions
=== RUN   TestCurrentFixturesAndSharedPositions/core.can
=== RUN   TestCurrentFixturesAndSharedPositions/literals.can
--- PASS: TestCurrentFixturesAndSharedPositions (0.00s)
    --- PASS: TestCurrentFixturesAndSharedPositions/core.can (0.00s)
    --- PASS: TestCurrentFixturesAndSharedPositions/literals.can (0.00s)
=== RUN   TestNestedGenericClosersRemainLexable
--- PASS: TestNestedGenericClosersRemainLexable (0.00s)
=== RUN   TestDiagnosticSharesOriginalUTF16Location
--- PASS: TestDiagnosticSharesOriginalUTF16Location (0.00s)
=== RUN   TestNativeAttachedAssertions
--- PASS: TestNativeAttachedAssertions (0.00s)
=== RUN   TestAssertionModeLinesRejectMalformed
--- PASS: TestAssertionModeLinesRejectMalformed (0.00s)
=== RUN   TestWhenRowAcceptsRawMode
--- PASS: TestWhenRowAcceptsRawMode (0.00s)
=== RUN   TestNativeConnectionFetchLLM
--- PASS: TestNativeConnectionFetchLLM (0.00s)
=== RUN   TestNativeSectionRejection
--- PASS: TestNativeSectionRejection (0.00s)
=== RUN   TestQuestionJudgeArmGrammar
--- PASS: TestQuestionJudgeArmGrammar (0.00s)
=== RUN   TestNativeQuestionClosureAndProbability
--- PASS: TestNativeQuestionClosureAndProbability (0.00s)
=== RUN   TestOwnerRecordDeclaration
--- PASS: TestOwnerRecordDeclaration (0.00s)
=== RUN   TestOwnerWordStaysAnOrdinaryName
--- PASS: TestOwnerWordStaysAnOrdinaryName (0.00s)
=== RUN   TestOwnerRecordRequiresRecordKeyword
--- PASS: TestOwnerRecordRequiresRecordKeyword (0.00s)
=== RUN   TestTypeGrammarRoundTrip
=== RUN   TestTypeGrammarRoundTrip/int
=== RUN   TestTypeGrammarRoundTrip/str[][]
=== RUN   TestTypeGrammarRoundTrip/option::value<item>
=== RUN   TestTypeGrammarRoundTrip/outer<middle<inner<int>>>
=== RUN   TestTypeGrammarRoundTrip/pair<int[],_option::value<str>>[]
=== RUN   TestTypeGrammarRoundTrip/callable_int[]_()_emits_[]
=== RUN   TestTypeGrammarRoundTrip/callable_int_()_emits_[][]
=== RUN   TestTypeGrammarRoundTrip/callable_callable_int_(str)_emits_[failed]_(bool)_emits_[other<int>]
=== RUN   TestTypeGrammarRoundTrip/choice_arm<option::value<str>>_emits_[failed][]
=== RUN   TestTypeGrammarRoundTrip/callable_choice_arm<int>_emits_[]_(callable_str_()_emits_[])_emits_[]
--- PASS: TestTypeGrammarRoundTrip (0.00s)
    --- PASS: TestTypeGrammarRoundTrip/int (0.00s)
    --- PASS: TestTypeGrammarRoundTrip/str[][] (0.00s)
    --- PASS: TestTypeGrammarRoundTrip/option::value<item> (0.00s)
    --- PASS: TestTypeGrammarRoundTrip/outer<middle<inner<int>>> (0.00s)
    --- PASS: TestTypeGrammarRoundTrip/pair<int[],_option::value<str>>[] (0.00s)
    --- PASS: TestTypeGrammarRoundTrip/callable_int[]_()_emits_[] (0.00s)
    --- PASS: TestTypeGrammarRoundTrip/callable_int_()_emits_[][] (0.00s)
    --- PASS: TestTypeGrammarRoundTrip/callable_callable_int_(str)_emits_[failed]_(bool)_emits_[other<int>] (0.00s)
    --- PASS: TestTypeGrammarRoundTrip/choice_arm<option::value<str>>_emits_[failed][] (0.00s)
    --- PASS: TestTypeGrammarRoundTrip/callable_choice_arm<int>_emits_[]_(callable_str_()_emits_[])_emits_[] (0.00s)
=== RUN   TestCallableArrayOwnership
--- PASS: TestCallableArrayOwnership (0.00s)
=== RUN   TestTypeGrammarRejectsMalformedFragments
=== RUN   TestTypeGrammarRejectsMalformedFragments/#00
=== RUN   TestTypeGrammarRejectsMalformedFragments/[]
=== RUN   TestTypeGrammarRejectsMalformedFragments/(int)
=== RUN   TestTypeGrammarRejectsMalformedFragments/item<>
=== RUN   TestTypeGrammarRejectsMalformedFragments/item<int,>
=== RUN   TestTypeGrammarRejectsMalformedFragments/int<str>
=== RUN   TestTypeGrammarRejectsMalformedFragments/callable_int_()
=== RUN   TestTypeGrammarRejectsMalformedFragments/callable_int_(str,)_emits_[]
=== RUN   TestTypeGrammarRejectsMalformedFragments/callable_int_()_emits_[bad,]
=== RUN   TestTypeGrammarRejectsMalformedFragments/choice_arm<int>
=== RUN   TestTypeGrammarRejectsMalformedFragments/choice_arm<int,_str>_emits_[]
=== RUN   TestTypeGrammarRejectsMalformedFragments/item<int>=x
=== RUN   TestTypeGrammarRejectsMalformedFragments/int[3]
=== RUN   TestTypeGrammarRejectsMalformedFragments/item<int
=== RUN   TestTypeGrammarRejectsMalformedFragments/item<int>>
=== RUN   TestTypeGrammarRejectsMalformedFragments/int_str
=== RUN   TestTypeGrammarRejectsMalformedFragments/int_str#01
=== RUN   TestTypeGrammarRejectsMalformedFragments/callable_int_(_str)_emits_[]
=== RUN   TestTypeGrammarRejectsMalformedFragments/item<item<item<item<item<item<item<item<item<item<item<item<
--- PASS: TestTypeGrammarRejectsMalformedFragments (0.00s)
    --- PASS: TestTypeGrammarRejectsMalformedFragments/#00 (0.00s)
    --- PASS: TestTypeGrammarRejectsMalformedFragments/[] (0.00s)
    --- PASS: TestTypeGrammarRejectsMalformedFragments/(int) (0.00s)
    --- PASS: TestTypeGrammarRejectsMalformedFragments/item<> (0.00s)
    --- PASS: TestTypeGrammarRejectsMalformedFragments/item<int,> (0.00s)
    --- PASS: TestTypeGrammarRejectsMalformedFragments/int<str> (0.00s)
    --- PASS: TestTypeGrammarRejectsMalformedFragments/callable_int_() (0.00s)
    --- PASS: TestTypeGrammarRejectsMalformedFragments/callable_int_(str,)_emits_[] (0.00s)
    --- PASS: TestTypeGrammarRejectsMalformedFragments/callable_int_()_emits_[bad,] (0.00s)
    --- PASS: TestTypeGrammarRejectsMalformedFragments/choice_arm<int> (0.00s)
    --- PASS: TestTypeGrammarRejectsMalformedFragments/choice_arm<int,_str>_emits_[] (0.00s)
    --- PASS: TestTypeGrammarRejectsMalformedFragments/item<int>=x (0.00s)
    --- PASS: TestTypeGrammarRejectsMalformedFragments/int[3] (0.00s)
    --- PASS: TestTypeGrammarRejectsMalformedFragments/item<int (0.00s)
    --- PASS: TestTypeGrammarRejectsMalformedFragments/item<int>> (0.00s)
    --- PASS: TestTypeGrammarRejectsMalformedFragments/int_str (0.00s)
    --- PASS: TestTypeGrammarRejectsMalformedFragments/int_str#01 (0.00s)
    --- PASS: TestTypeGrammarRejectsMalformedFragments/callable_int_(_str)_emits_[] (0.00s)
    --- PASS: TestTypeGrammarRejectsMalformedFragments/item<item<item<item<item<item<item<item<item<item<item<item< (0.00s)
=== RUN   TestGenericClosersPreserveLexerResult
--- PASS: TestGenericClosersPreserveLexerResult (0.00s)
=== RUN   TestBindPatternNodes
--- PASS: TestBindPatternNodes (0.00s)
=== RUN   TestBindPatternNestedAlternatives
--- PASS: TestBindPatternNestedAlternatives (0.00s)
=== RUN   TestBindFallsBackToNominal
--- PASS: TestBindFallsBackToNominal (0.00s)
=== RUN   TestCompletionPatternsAcceptExactHeads
--- PASS: TestCompletionPatternsAcceptExactHeads (0.00s)
=== RUN   TestCompletionPatternsRejectAliasWithoutArrow
--- PASS: TestCompletionPatternsRejectAliasWithoutArrow (0.00s)
=== RUN   TestNumericFieldDiagnosticFixturesRoundTrip
--- PASS: TestNumericFieldDiagnosticFixturesRoundTrip (0.00s)
=== RUN   TestScenarioDeclarationParsing
--- PASS: TestScenarioDeclarationParsing (0.00s)
=== RUN   TestScenarioRowParsing
--- PASS: TestScenarioRowParsing (0.00s)
=== RUN   TestScenarioUseRowParsing
--- PASS: TestScenarioUseRowParsing (0.00s)
=== RUN   TestScenarioSelectorKeepsPlainMeaning
--- PASS: TestScenarioSelectorKeepsPlainMeaning (0.00s)
=== RUN   TestLinkClauseParsing
--- PASS: TestLinkClauseParsing (0.00s)
=== RUN   TestLinkValueNamedLinkKeepsMeaning
--- PASS: TestLinkValueNamedLinkKeepsMeaning (0.00s)
=== RUN   TestScenarioLinkRejects
=== RUN   TestScenarioLinkRejects/missing_name
=== RUN   TestScenarioLinkRejects/missing_colon
=== RUN   TestScenarioLinkRejects/missing_target
=== RUN   TestScenarioLinkRejects/dangling_comma
=== RUN   TestScenarioLinkRejects/use_with_link
--- PASS: TestScenarioLinkRejects (0.00s)
    --- PASS: TestScenarioLinkRejects/missing_name (0.00s)
    --- PASS: TestScenarioLinkRejects/missing_colon (0.00s)
    --- PASS: TestScenarioLinkRejects/missing_target (0.00s)
    --- PASS: TestScenarioLinkRejects/dangling_comma (0.00s)
    --- PASS: TestScenarioLinkRejects/use_with_link (0.00s)
=== RUN   TestQualifiedUsesParseAndFormat
--- PASS: TestQualifiedUsesParseAndFormat (0.00s)
=== RUN   TestQualifiedUsesRejectsMalformedQualifiers
--- PASS: TestQualifiedUsesRejectsMalformedQualifiers (0.00s)
=== RUN   TestWrapDeclarationParsing
--- PASS: TestWrapDeclarationParsing (0.00s)
=== RUN   TestWrapDeclarationRejects
=== RUN   TestWrapDeclarationRejects/missing_handles
=== RUN   TestWrapDeclarationRejects/duplicate_native
=== RUN   TestWrapDeclarationRejects/emitted_first
=== RUN   TestWrapDeclarationRejects/ok_arm
=== RUN   TestWrapDeclarationRejects/standard_arm
=== RUN   TestWrapDeclarationRejects/missing_origin
=== RUN   TestWrapDeclarationRejects/empty_native_table
=== RUN   TestWrapDeclarationRejects/explicit_list
--- PASS: TestWrapDeclarationRejects (0.00s)
    --- PASS: TestWrapDeclarationRejects/missing_handles (0.00s)
    --- PASS: TestWrapDeclarationRejects/duplicate_native (0.00s)
    --- PASS: TestWrapDeclarationRejects/emitted_first (0.00s)
    --- PASS: TestWrapDeclarationRejects/ok_arm (0.00s)
    --- PASS: TestWrapDeclarationRejects/standard_arm (0.00s)
    --- PASS: TestWrapDeclarationRejects/missing_origin (0.00s)
    --- PASS: TestWrapDeclarationRejects/empty_native_table (0.00s)
    --- PASS: TestWrapDeclarationRejects/explicit_list (0.00s)
=== RUN   TestEmitsCalculatedRejectedElsewhere
--- PASS: TestEmitsCalculatedRejectedElsewhere (0.00s)
=== RUN   TestInheritOutsideCompletionRejects
--- PASS: TestInheritOutsideCompletionRejects (0.00s)
=== RUN   FuzzFileParser
=== RUN   FuzzFileParser/seed#0
=== RUN   FuzzFileParser/seed#1
=== RUN   FuzzFileParser/seed#2
--- PASS: FuzzFileParser (0.00s)
    --- PASS: FuzzFileParser/seed#0 (0.00s)
    --- PASS: FuzzFileParser/seed#1 (0.00s)
    --- PASS: FuzzFileParser/seed#2 (0.00s)
=== RUN   FuzzExpressionParser
=== RUN   FuzzExpressionParser/seed#0
=== RUN   FuzzExpressionParser/seed#1
=== RUN   FuzzExpressionParser/seed#2
=== RUN   FuzzExpressionParser/seed#3
=== RUN   FuzzExpressionParser/seed#4
--- PASS: FuzzExpressionParser (0.00s)
    --- PASS: FuzzExpressionParser/seed#0 (0.00s)
    --- PASS: FuzzExpressionParser/seed#1 (0.00s)
    --- PASS: FuzzExpressionParser/seed#2 (0.00s)
    --- PASS: FuzzExpressionParser/seed#3 (0.00s)
    --- PASS: FuzzExpressionParser/seed#4 (0.00s)
=== RUN   FuzzLexerTerminatesWithOriginalSpans
=== RUN   FuzzLexerTerminatesWithOriginalSpans/seed#0
=== RUN   FuzzLexerTerminatesWithOriginalSpans/seed#1
=== RUN   FuzzLexerTerminatesWithOriginalSpans/seed#2
=== RUN   FuzzLexerTerminatesWithOriginalSpans/seed#3
=== RUN   FuzzLexerTerminatesWithOriginalSpans/seed#4
=== RUN   FuzzLexerTerminatesWithOriginalSpans/seed#5
=== RUN   FuzzLexerTerminatesWithOriginalSpans/seed#6
--- PASS: FuzzLexerTerminatesWithOriginalSpans (0.00s)
    --- PASS: FuzzLexerTerminatesWithOriginalSpans/seed#0 (0.00s)
    --- PASS: FuzzLexerTerminatesWithOriginalSpans/seed#1 (0.00s)
    --- PASS: FuzzLexerTerminatesWithOriginalSpans/seed#2 (0.00s)
    --- PASS: FuzzLexerTerminatesWithOriginalSpans/seed#3 (0.00s)
    --- PASS: FuzzLexerTerminatesWithOriginalSpans/seed#4 (0.00s)
    --- PASS: FuzzLexerTerminatesWithOriginalSpans/seed#5 (0.00s)
    --- PASS: FuzzLexerTerminatesWithOriginalSpans/seed#6 (0.00s)
=== RUN   FuzzTypeParser
=== RUN   FuzzTypeParser/seed#0
=== RUN   FuzzTypeParser/seed#1
=== RUN   FuzzTypeParser/seed#2
=== RUN   FuzzTypeParser/seed#3
--- PASS: FuzzTypeParser (0.00s)
    --- PASS: FuzzTypeParser/seed#0 (0.00s)
    --- PASS: FuzzTypeParser/seed#1 (0.00s)
    --- PASS: FuzzTypeParser/seed#2 (0.00s)
    --- PASS: FuzzTypeParser/seed#3 (0.00s)
PASS
ok  	github.com/veighnsche/can-lang/compiler/internal/syntax	0.289s
=== RUN   TestSourceTypeGraphAndCatalogueOption
--- PASS: TestSourceTypeGraphAndCatalogueOption (0.01s)
=== RUN   TestSourceConcreteTypeRefusals
=== RUN   TestSourceConcreteTypeRefusals/node/finite_inhabitant
=== RUN   TestSourceConcreteTypeRefusals/box/arity
=== RUN   TestSourceConcreteTypeRefusals/box<void>/void
=== RUN   TestSourceConcreteTypeRefusals/void[]/void
=== RUN   TestSourceConcreteTypeRefusals/callable_int_(void)_emits_[]/void
=== RUN   TestSourceConcreteTypeRefusals/callable_int_()_emits_[leaf]/nominal_errors
=== RUN   TestSourceConcreteTypeRefusals/collections::set<float>/map_key
=== RUN   TestSourceConcreteTypeRefusals/all_failed<leaf>/failure_variant
=== RUN   TestSourceConcreteTypeRefusals/invalid/ineligible_variant_leaf
=== RUN   TestSourceConcreteTypeRefusals/invalid/duplicate_variant_leaf
=== RUN   TestSourceConcreteTypeRefusals/invalid/variant-only
=== RUN   TestSourceConcreteTypeRefusals/growing<int>/expansion_exceeds
--- PASS: TestSourceConcreteTypeRefusals (0.05s)
    --- PASS: TestSourceConcreteTypeRefusals/node/finite_inhabitant (0.00s)
    --- PASS: TestSourceConcreteTypeRefusals/box/arity (0.00s)
    --- PASS: TestSourceConcreteTypeRefusals/box<void>/void (0.00s)
    --- PASS: TestSourceConcreteTypeRefusals/void[]/void (0.00s)
    --- PASS: TestSourceConcreteTypeRefusals/callable_int_(void)_emits_[]/void (0.00s)
    --- PASS: TestSourceConcreteTypeRefusals/callable_int_()_emits_[leaf]/nominal_errors (0.00s)
    --- PASS: TestSourceConcreteTypeRefusals/collections::set<float>/map_key (0.00s)
    --- PASS: TestSourceConcreteTypeRefusals/all_failed<leaf>/failure_variant (0.00s)
    --- PASS: TestSourceConcreteTypeRefusals/invalid/ineligible_variant_leaf (0.00s)
    --- PASS: TestSourceConcreteTypeRefusals/invalid/duplicate_variant_leaf (0.00s)
    --- PASS: TestSourceConcreteTypeRefusals/invalid/variant-only (0.00s)
    --- PASS: TestSourceConcreteTypeRefusals/growing<int>/expansion_exceeds (0.01s)
=== RUN   TestGenericPermutationHasFiniteConcreteGraph
--- PASS: TestGenericPermutationHasFiniteConcreteGraph (0.00s)
=== RUN   TestDeclarationAnnotationsCheckUnusedTemplates
--- PASS: TestDeclarationAnnotationsCheckUnusedTemplates (0.02s)
=== RUN   TestGeneratedFieldMetadataCollisions
--- PASS: TestGeneratedFieldMetadataCollisions (0.00s)
=== RUN   TestFiniteSpecializationCanChangeThenStabilize
--- PASS: TestFiniteSpecializationCanChangeThenStabilize (0.00s)
=== RUN   TestLongFiniteNominalChain
--- PASS: TestLongFiniteNominalChain (0.01s)
=== RUN   TestClosedCatalogueTypeShapes
--- PASS: TestClosedCatalogueTypeShapes (0.01s)
=== RUN   TestFormSchemaClosedShallowFields
--- PASS: TestFormSchemaClosedShallowFields (0.00s)
=== RUN   TestFormSchemaRejectsNonTextFields
=== RUN   TestFormSchemaRejectsNonTextFields/int
=== RUN   TestFormSchemaRejectsNonTextFields/float
=== RUN   TestFormSchemaRejectsNonTextFields/bool
=== RUN   TestFormSchemaRejectsNonTextFields/nested
=== RUN   TestFormSchemaRejectsNonTextFields/array
--- PASS: TestFormSchemaRejectsNonTextFields (0.00s)
    --- PASS: TestFormSchemaRejectsNonTextFields/int (0.00s)
    --- PASS: TestFormSchemaRejectsNonTextFields/float (0.00s)
    --- PASS: TestFormSchemaRejectsNonTextFields/bool (0.00s)
    --- PASS: TestFormSchemaRejectsNonTextFields/nested (0.00s)
    --- PASS: TestFormSchemaRejectsNonTextFields/array (0.00s)
=== RUN   TestFormSchemaConcreteOptionIdentity
=== RUN   TestFormSchemaConcreteOptionIdentity/str
=== RUN   TestFormSchemaConcreteOptionIdentity/int
--- PASS: TestFormSchemaConcreteOptionIdentity (0.00s)
    --- PASS: TestFormSchemaConcreteOptionIdentity/str (0.00s)
    --- PASS: TestFormSchemaConcreteOptionIdentity/int (0.00s)
=== RUN   TestFormSchemaKeyedRows
--- PASS: TestFormSchemaKeyedRows (0.00s)
=== RUN   TestFormSchemaKeyedRowsRejects
=== RUN   TestFormSchemaKeyedRowsRejects/non-record_row
=== RUN   TestFormSchemaKeyedRowsRejects/non-text_row_field
=== RUN   TestFormSchemaKeyedRowsRejects/nested_rows
=== RUN   TestFormSchemaKeyedRowsRejects/order_collision
=== RUN   TestFormSchemaKeyedRowsRejects/non-string_row_option
--- PASS: TestFormSchemaKeyedRowsRejects (0.00s)
    --- PASS: TestFormSchemaKeyedRowsRejects/non-record_row (0.00s)
    --- PASS: TestFormSchemaKeyedRowsRejects/non-text_row_field (0.00s)
    --- PASS: TestFormSchemaKeyedRowsRejects/nested_rows (0.00s)
    --- PASS: TestFormSchemaKeyedRowsRejects/order_collision (0.00s)
    --- PASS: TestFormSchemaKeyedRowsRejects/non-string_row_option (0.00s)
=== RUN   TestFiniteInferenceEqualities
=== RUN   TestFiniteInferenceEqualities/item/int
=== RUN   TestFiniteInferenceEqualities/box<item>/box<int>
=== RUN   TestFiniteInferenceEqualities/item[]/node[]
=== RUN   TestFiniteInferenceEqualities/box<item>/box<node>
=== RUN   TestFiniteInferenceEqualities/callable_item_(item[])_emits_[]/callable_int_(int[])_emits_[]
=== RUN   TestFiniteInferenceEqualities/all_failed<item>/all_failed<failures>
--- PASS: TestFiniteInferenceEqualities (0.00s)
    --- PASS: TestFiniteInferenceEqualities/item/int (0.00s)
    --- PASS: TestFiniteInferenceEqualities/box<item>/box<int> (0.00s)
    --- PASS: TestFiniteInferenceEqualities/item[]/node[] (0.00s)
    --- PASS: TestFiniteInferenceEqualities/box<item>/box<node> (0.00s)
    --- PASS: TestFiniteInferenceEqualities/callable_item_(item[])_emits_[]/callable_int_(int[])_emits_[] (0.00s)
    --- PASS: TestFiniteInferenceEqualities/all_failed<item>/all_failed<failures> (0.00s)
=== RUN   TestInferenceRejectsConflictAmbiguityAndWidening
--- PASS: TestInferenceRejectsConflictAmbiguityAndWidening (0.00s)
=== RUN   TestInferenceExpectedAndFixedConstraintsAgree
--- PASS: TestInferenceExpectedAndFixedConstraintsAgree (0.00s)
=== RUN   TestInferenceRequiresSealedEvidence
--- PASS: TestInferenceRequiresSealedEvidence (0.00s)
=== RUN   TestPublicInferenceStillRejectsUnsealedEvidence
--- PASS: TestPublicInferenceStillRejectsUnsealedEvidence (0.00s)
=== RUN   TestLLMSchemaClosedExpandedAndStable
--- PASS: TestLLMSchemaClosedExpandedAndStable (0.00s)
=== RUN   TestLLMSchemaRejectsUnsupportedAndRecursive
=== RUN   TestLLMSchemaRejectsUnsupportedAndRecursive/opaque
=== RUN   TestLLMSchemaRejectsUnsupportedAndRecursive/callable
=== RUN   TestLLMSchemaRejectsUnsupportedAndRecursive/choice_arm
=== RUN   TestLLMSchemaRejectsUnsupportedAndRecursive/error
=== RUN   TestLLMSchemaRejectsUnsupportedAndRecursive/variant
--- PASS: TestLLMSchemaRejectsUnsupportedAndRecursive (0.00s)
    --- PASS: TestLLMSchemaRejectsUnsupportedAndRecursive/opaque (0.00s)
    --- PASS: TestLLMSchemaRejectsUnsupportedAndRecursive/callable (0.00s)
    --- PASS: TestLLMSchemaRejectsUnsupportedAndRecursive/choice_arm (0.00s)
    --- PASS: TestLLMSchemaRejectsUnsupportedAndRecursive/error (0.00s)
    --- PASS: TestLLMSchemaRejectsUnsupportedAndRecursive/variant (0.00s)
=== RUN   TestLLMSchemaBudgets
--- PASS: TestLLMSchemaBudgets (0.00s)
=== RUN   TestOwnerMarkingAndSchemaRejection
--- PASS: TestOwnerMarkingAndSchemaRejection (0.00s)
=== RUN   TestOwnerReachableThroughNestingIsRejected
--- PASS: TestOwnerReachableThroughNestingIsRejected (0.01s)
=== RUN   TestSymbolicParameterIdentity
--- PASS: TestSymbolicParameterIdentity (0.00s)
=== RUN   TestMentionsParameter
--- PASS: TestMentionsParameter (0.01s)
=== RUN   TestSpecializationKeyRejectsOpaqueParameters
--- PASS: TestSpecializationKeyRejectsOpaqueParameters (0.00s)
=== RUN   TestCodecFiniteRecursiveSchema
--- PASS: TestCodecFiniteRecursiveSchema (0.00s)
=== RUN   TestCodecRejectsReachableUnsupportedContracts
=== RUN   TestCodecRejectsReachableUnsupportedContracts/opaque
=== RUN   TestCodecRejectsReachableUnsupportedContracts/callable
=== RUN   TestCodecRejectsReachableUnsupportedContracts/choice_arm
=== RUN   TestCodecRejectsReachableUnsupportedContracts/void
--- PASS: TestCodecRejectsReachableUnsupportedContracts (0.00s)
    --- PASS: TestCodecRejectsReachableUnsupportedContracts/opaque (0.00s)
    --- PASS: TestCodecRejectsReachableUnsupportedContracts/callable (0.00s)
    --- PASS: TestCodecRejectsReachableUnsupportedContracts/choice_arm (0.00s)
    --- PASS: TestCodecRejectsReachableUnsupportedContracts/void (0.00s)
=== RUN   TestCodecCanonicalGenericLeafNames
--- PASS: TestCodecCanonicalGenericLeafNames (0.00s)
=== RUN   TestCodecWireNamesFromResolvedDeclarations
--- PASS: TestCodecWireNamesFromResolvedDeclarations (0.00s)
=== RUN   TestSpecializationExtendsSealedEvidence
--- PASS: TestSpecializationExtendsSealedEvidence (0.00s)
=== RUN   TestSpecializationKeysAndAggregateConstraints
--- PASS: TestSpecializationKeysAndAggregateConstraints (0.00s)
=== RUN   TestFailedExtensionSealDoesNotPoisonEarlierTypes
--- PASS: TestFailedExtensionSealDoesNotPoisonEarlierTypes (0.00s)
=== RUN   TestSQLSchemaFlatCover
--- PASS: TestSQLSchemaFlatCover (0.00s)
=== RUN   TestSQLSchemaOneOptionLayer
=== RUN   TestSQLSchemaOneOptionLayer/bool
=== RUN   TestSQLSchemaOneOptionLayer/int
=== RUN   TestSQLSchemaOneOptionLayer/float
=== RUN   TestSQLSchemaOneOptionLayer/str
--- PASS: TestSQLSchemaOneOptionLayer (0.00s)
    --- PASS: TestSQLSchemaOneOptionLayer/bool (0.00s)
    --- PASS: TestSQLSchemaOneOptionLayer/int (0.00s)
    --- PASS: TestSQLSchemaOneOptionLayer/float (0.00s)
    --- PASS: TestSQLSchemaOneOptionLayer/str (0.00s)
=== RUN   TestSQLSchemaRejects
=== RUN   TestSQLSchemaRejects/array
=== RUN   TestSQLSchemaRejects/record
=== RUN   TestSQLSchemaRejects/variant
=== RUN   TestSQLSchemaRejects/nested_option
=== RUN   TestSQLSchemaRejects/option_array
=== RUN   TestSQLSchemaRejects/missing_none
--- PASS: TestSQLSchemaRejects (0.00s)
    --- PASS: TestSQLSchemaRejects/array (0.00s)
    --- PASS: TestSQLSchemaRejects/record (0.00s)
    --- PASS: TestSQLSchemaRejects/variant (0.00s)
    --- PASS: TestSQLSchemaRejects/nested_option (0.00s)
    --- PASS: TestSQLSchemaRejects/option_array (0.00s)
    --- PASS: TestSQLSchemaRejects/missing_none (0.00s)
=== RUN   TestUnusedGenericSymbolicVariantDuplicates
--- PASS: TestUnusedGenericSymbolicVariantDuplicates (0.03s)
=== RUN   TestSymbolicCallableArgumentsNormalizeBounds
--- PASS: TestSymbolicCallableArgumentsNormalizeBounds (0.01s)
=== RUN   TestUnusedGenericSymbolicErrorBounds
--- PASS: TestUnusedGenericSymbolicErrorBounds (0.01s)
=== RUN   TestIndependentCatalogueConstraintsInUnusedGenerics
--- PASS: TestIndependentCatalogueConstraintsInUnusedGenerics (0.03s)
=== RUN   TestDistinctSymbolicParametersDeferPotentialOverlap
--- PASS: TestDistinctSymbolicParametersDeferPotentialOverlap (0.01s)
=== RUN   TestUnusedGenericVariantOnlyCycle
--- PASS: TestUnusedGenericVariantOnlyCycle (0.01s)
=== RUN   TestUnusedGenericRequiredCycles
--- PASS: TestUnusedGenericRequiredCycles (0.02s)
=== RUN   TestFiniteInhabitation
=== RUN   TestFiniteInhabitation/array
=== RUN   TestFiniteInhabitation/option
=== RUN   TestFiniteInhabitation/required
=== RUN   TestFiniteInhabitation/mutual-required
=== RUN   TestFiniteInhabitation/variant-exit
--- PASS: TestFiniteInhabitation (0.00s)
    --- PASS: TestFiniteInhabitation/array (0.00s)
    --- PASS: TestFiniteInhabitation/option (0.00s)
    --- PASS: TestFiniteInhabitation/required (0.00s)
    --- PASS: TestFiniteInhabitation/mutual-required (0.00s)
    --- PASS: TestFiniteInhabitation/variant-exit (0.00s)
=== RUN   TestVariantLeafRules
=== RUN   TestVariantLeafRules/record
=== RUN   TestVariantLeafRules/error
=== RUN   TestVariantLeafRules/standard_failure
=== RUN   TestVariantLeafRules/primitive
=== RUN   TestVariantLeafRules/array
=== RUN   TestVariantLeafRules/opaque
=== RUN   TestVariantLeafRules/callable
=== RUN   TestVariantLeafRules/arm
=== RUN   TestVariantLeafRules/duplicate
=== RUN   TestVariantLeafRules/overlap
=== RUN   TestVariantLeafRules/cycle
=== RUN   TestVariantLeafRules/mutual-cycle
--- PASS: TestVariantLeafRules (0.00s)
    --- PASS: TestVariantLeafRules/record (0.00s)
    --- PASS: TestVariantLeafRules/error (0.00s)
    --- PASS: TestVariantLeafRules/standard_failure (0.00s)
    --- PASS: TestVariantLeafRules/primitive (0.00s)
    --- PASS: TestVariantLeafRules/array (0.00s)
    --- PASS: TestVariantLeafRules/opaque (0.00s)
    --- PASS: TestVariantLeafRules/callable (0.00s)
    --- PASS: TestVariantLeafRules/arm (0.00s)
    --- PASS: TestVariantLeafRules/duplicate (0.00s)
    --- PASS: TestVariantLeafRules/overlap (0.00s)
    --- PASS: TestVariantLeafRules/cycle (0.00s)
    --- PASS: TestVariantLeafRules/mutual-cycle (0.00s)
=== RUN   TestNominalAndVariantCompatibility
--- PASS: TestNominalAndVariantCompatibility (0.00s)
=== RUN   TestCallableCompatibility
--- PASS: TestCallableCompatibility (0.00s)
=== RUN   TestRecursiveEqualityRejectsReachableExcludedData
=== RUN   TestRecursiveEqualityRejectsReachableExcludedData/callable
=== RUN   TestRecursiveEqualityRejectsReachableExcludedData/choice_arm
=== RUN   TestRecursiveEqualityRejectsReachableExcludedData/opaque
--- PASS: TestRecursiveEqualityRejectsReachableExcludedData (0.00s)
    --- PASS: TestRecursiveEqualityRejectsReachableExcludedData/callable (0.00s)
    --- PASS: TestRecursiveEqualityRejectsReachableExcludedData/choice_arm (0.00s)
    --- PASS: TestRecursiveEqualityRejectsReachableExcludedData/opaque (0.00s)
=== RUN   TestCopyUpdateContractsAndGraphEncapsulation
--- PASS: TestCopyUpdateContractsAndGraphEncapsulation (0.00s)
=== RUN   TestIdentitySizeAndGraphValidation
--- PASS: TestIdentitySizeAndGraphValidation (0.00s)
=== RUN   TestGenericVariantLeafSetCompatibility
--- PASS: TestGenericVariantLeafSetCompatibility (0.00s)
=== RUN   TestGenericVariantLeavesKeepArgumentIdentity
--- PASS: TestGenericVariantLeavesKeepArgumentIdentity (0.00s)
=== RUN   TestNestedGenericVariantLeafSetCompatibility
--- PASS: TestNestedGenericVariantLeafSetCompatibility (0.00s)
=== RUN   TestOptionSpecializationsStayDistinct
--- PASS: TestOptionSpecializationsStayDistinct (0.00s)
PASS
ok  	github.com/veighnsche/can-lang/compiler/internal/types	0.485s
=== RUN   TestBuildRejectsBeforePublishing
--- PASS: TestBuildRejectsBeforePublishing (0.00s)
=== RUN   TestBuildRejectsSidecarDestinationCollision
=== RUN   TestBuildRejectsSidecarDestinationCollision/bun
=== RUN   TestBuildRejectsSidecarDestinationCollision/BUN
--- PASS: TestBuildRejectsSidecarDestinationCollision (1.08s)
    --- PASS: TestBuildRejectsSidecarDestinationCollision/bun (0.60s)
    --- PASS: TestBuildRejectsSidecarDestinationCollision/BUN (0.48s)
=== RUN   TestBuildRejectsTamperedHTMX
--- PASS: TestBuildRejectsTamperedHTMX (0.53s)
=== RUN   TestGuardAssetPinsGeneratedBytes
--- PASS: TestGuardAssetPinsGeneratedBytes (0.00s)
=== RUN   TestGuardAssetInventoryIsClosed
--- PASS: TestGuardAssetInventoryIsClosed (0.00s)
=== RUN   TestInspectRuntime
--- PASS: TestInspectRuntime (0.59s)
=== RUN   TestInspectRuntimeRefusals
--- PASS: TestInspectRuntimeRefusals (0.00s)
=== RUN   TestInstallRoundTrip
--- PASS: TestInstallRoundTrip (2.66s)
=== RUN   TestInstallRefusals
--- PASS: TestInstallRefusals (2.52s)
=== RUN   TestExtractReleaseRefusals
=== RUN   TestExtractReleaseRefusals/escape
=== RUN   TestExtractReleaseRefusals/absolute
=== RUN   TestExtractReleaseRefusals/dot_top
=== RUN   TestExtractReleaseRefusals/two_tops
=== RUN   TestExtractReleaseRefusals/case_aliasing
=== RUN   TestExtractReleaseRefusals/symlink
--- PASS: TestExtractReleaseRefusals (0.01s)
    --- PASS: TestExtractReleaseRefusals/escape (0.00s)
    --- PASS: TestExtractReleaseRefusals/absolute (0.00s)
    --- PASS: TestExtractReleaseRefusals/dot_top (0.00s)
    --- PASS: TestExtractReleaseRefusals/two_tops (0.00s)
    --- PASS: TestExtractReleaseRefusals/case_aliasing (0.00s)
    --- PASS: TestExtractReleaseRefusals/symlink (0.00s)
=== RUN   TestPruneStaging
--- PASS: TestPruneStaging (0.00s)
=== RUN   TestLinuxTargetPin
--- PASS: TestLinuxTargetPin (0.00s)
=== RUN   TestLinuxProvenanceMatchesPin
--- PASS: TestLinuxProvenanceMatchesPin (0.00s)
=== RUN   TestHostTargetSelection
--- PASS: TestHostTargetSelection (0.00s)
=== RUN   TestParseSHA256Record
=== RUN   TestParseSHA256Record/short_digest
=== RUN   TestParseSHA256Record/empty
=== RUN   TestParseSHA256Record/single_space
=== RUN   TestParseSHA256Record/wrong_file
=== RUN   TestParseSHA256Record/long_digest
=== RUN   TestParseSHA256Record/uppercase_hex
=== RUN   TestParseSHA256Record/non-hex
--- PASS: TestParseSHA256Record (0.00s)
    --- PASS: TestParseSHA256Record/short_digest (0.00s)
    --- PASS: TestParseSHA256Record/empty (0.00s)
    --- PASS: TestParseSHA256Record/single_space (0.00s)
    --- PASS: TestParseSHA256Record/wrong_file (0.00s)
    --- PASS: TestParseSHA256Record/long_digest (0.00s)
    --- PASS: TestParseSHA256Record/uppercase_hex (0.00s)
    --- PASS: TestParseSHA256Record/non-hex (0.00s)
=== RUN   TestReleaseRoundTrip
--- PASS: TestReleaseRoundTrip (2.68s)
=== RUN   TestReleaseRefusals
--- PASS: TestReleaseRefusals (0.65s)
=== RUN   TestUpdatePreservesRunningVersion
--- PASS: TestUpdatePreservesRunningVersion (3.51s)
=== RUN   TestUpdateFailurePreservesSelection
--- PASS: TestUpdateFailurePreservesSelection (2.46s)
=== RUN   TestConcurrentInstallUpdate
--- PASS: TestConcurrentInstallUpdate (8.41s)
=== RUN   TestPinnedOutputParser
--- PASS: TestPinnedOutputParser (0.00s)
=== RUN   TestPinnedHTMXRuntime
--- PASS: TestPinnedHTMXRuntime (0.00s)
=== RUN   TestPinnedSourceMapTools
--- PASS: TestPinnedSourceMapTools (0.00s)
=== RUN   TestAtLeastVersion
--- PASS: TestAtLeastVersion (0.00s)
=== RUN   TestVerifyBundleAcceptsSynthetic
--- PASS: TestVerifyBundleAcceptsSynthetic (0.56s)
=== RUN   TestVerifyBundleRefusals
=== RUN   TestVerifyBundleRefusals/missing_manifest
=== RUN   TestVerifyBundleRefusals/malformed_manifest
=== RUN   TestVerifyBundleRefusals/wrong_kind
=== RUN   TestVerifyBundleRefusals/modified_asset
=== RUN   TestVerifyBundleRefusals/unknown_file
=== RUN   TestVerifyBundleRefusals/symlinked_asset
=== RUN   TestVerifyBundleRefusals/tampered_runtime
=== RUN   TestVerifyBundleRefusals/non-executable_runtime
=== RUN   TestVerifyBundleRefusals/wrong_target
=== RUN   TestVerifyBundleRefusals/unstamped_launcher
=== RUN   TestVerifyBundleRefusals/missing_launcher
--- PASS: TestVerifyBundleRefusals (1.35s)
    --- PASS: TestVerifyBundleRefusals/missing_manifest (0.04s)
    --- PASS: TestVerifyBundleRefusals/malformed_manifest (0.04s)
    --- PASS: TestVerifyBundleRefusals/wrong_kind (0.04s)
    --- PASS: TestVerifyBundleRefusals/modified_asset (0.11s)
    --- PASS: TestVerifyBundleRefusals/unknown_file (0.11s)
    --- PASS: TestVerifyBundleRefusals/symlinked_asset (0.12s)
    --- PASS: TestVerifyBundleRefusals/tampered_runtime (0.10s)
    --- PASS: TestVerifyBundleRefusals/non-executable_runtime (0.08s)
    --- PASS: TestVerifyBundleRefusals/wrong_target (0.04s)
    --- PASS: TestVerifyBundleRefusals/unstamped_launcher (0.11s)
    --- PASS: TestVerifyBundleRefusals/missing_launcher (0.11s)
PASS
ok  	github.com/veighnsche/can-lang/distribution	27.226s
=== RUN   TestLegacyBraceOutsideString
--- PASS: TestLegacyBraceOutsideString (0.00s)
=== RUN   TestLegacyHasBraceOutsideString
--- PASS: TestLegacyHasBraceOutsideString (0.00s)
=== RUN   TestRepoRoot
--- PASS: TestRepoRoot (0.00s)
PASS
ok  	github.com/veighnsche/can-lang/internal/scan	0.178s
?   	github.com/veighnsche/can-lang/probes/htmx-503	[no test files]
=== RUN   TestBaselineToolchainMatchesFreeze
--- PASS: TestBaselineToolchainMatchesFreeze (0.06s)
=== RUN   TestRegistryComplete
--- PASS: TestRegistryComplete (0.00s)
=== RUN   TestHarnessSmokeRepeatable
--- PASS: TestHarnessSmokeRepeatable (3.56s)
=== RUN   TestT26ProductGuideCoversContracts
--- PASS: TestT26ProductGuideCoversContracts (0.00s)
=== RUN   TestT26AgentComparisonReportConsistent
--- PASS: TestT26AgentComparisonReportConsistent (0.00s)
=== RUN   TestT26GeneratedArtifactsFresh
--- PASS: TestT26GeneratedArtifactsFresh (0.36s)
=== RUN   TestT27DIInventoryComplete
--- PASS: TestT27DIInventoryComplete (0.00s)
=== RUN   TestT27AcceptedItemsMapToTestsAndDocs
--- PASS: TestT27AcceptedItemsMapToTestsAndDocs (0.00s)
=== RUN   TestT27NoDeferredMechanismPresent
--- PASS: TestT27NoDeferredMechanismPresent (0.03s)
=== RUN   TestT27GateEvidenceLinked
--- PASS: TestT27GateEvidenceLinked (0.00s)
=== RUN   TestT27GeneratedArtifactsFresh
--- PASS: TestT27GeneratedArtifactsFresh (0.17s)
=== RUN   TestT27RecommendationScoped
--- PASS: TestT27RecommendationScoped (0.00s)
PASS
ok  	github.com/veighnsche/can-lang/tests/baseline	4.340s
?   	github.com/veighnsche/can-lang/tools/distbuild	[no test files]
=== RUN   TestRepoGrammar
--- PASS: TestRepoGrammar (0.01s)
=== RUN   TestMissingErrorRule
--- PASS: TestMissingErrorRule (0.00s)
=== RUN   TestRetiredKeywordRejected
--- PASS: TestRetiredKeywordRejected (0.00s)
=== RUN   TestRetiredScopeRejected
--- PASS: TestRetiredScopeRejected (0.00s)
=== RUN   TestSamplePinnedToFixtures
--- PASS: TestSamplePinnedToFixtures (0.00s)
=== RUN   TestBadJSON
--- PASS: TestBadJSON (0.00s)
PASS
ok  	github.com/veighnsche/can-lang/tools/gramcheck	0.162s
=== RUN   TestRepoPasses
--- PASS: TestRepoPasses (0.07s)
=== RUN   TestGoodPair
--- PASS: TestGoodPair (0.00s)
=== RUN   TestAliasUses
--- PASS: TestAliasUses (0.00s)
=== RUN   TestQualifiedUses
--- PASS: TestQualifiedUses (0.00s)
=== RUN   TestUnresolvableUses
--- PASS: TestUnresolvableUses (0.00s)
=== RUN   TestDuplicateProvides
--- PASS: TestDuplicateProvides (0.00s)
=== RUN   TestDuplicateUses
--- PASS: TestDuplicateUses (0.00s)
=== RUN   TestAliasCollision
--- PASS: TestAliasCollision (0.00s)
=== RUN   TestMissingHeader
--- PASS: TestMissingHeader (0.00s)
=== RUN   TestPinBanned
--- PASS: TestPinBanned (0.00s)
=== RUN   TestPinInStringAllowed
--- PASS: TestPinInStringAllowed (0.00s)
=== RUN   TestRetiredModHeader
--- PASS: TestRetiredModHeader (0.00s)
=== RUN   TestExternBanned
--- PASS: TestExternBanned (0.00s)
=== RUN   TestDecLiteralBanned
--- PASS: TestDecLiteralBanned (0.00s)
=== RUN   TestBracesBanned
--- PASS: TestBracesBanned (0.00s)
=== RUN   TestBracesInStringsAllowed
--- PASS: TestBracesInStringsAllowed (0.00s)
PASS
ok  	github.com/veighnsche/can-lang/tools/modcheck	0.236s
